[13:33:15] Spawning window: f6ff0765-2ffb-4a8a-9daf-5b5c42793309
[13:33:15] Spawning window: 39e376bd-32aa-4ee8-b7f2-78837c649edb
[13:33:18] Closed window: f6ff0765-2ffb-4a8a-9daf-5b5c42793309
[13:33:18] Closed window: 39e376bd-32aa-4ee8-b7f2-78837c649edb
[13:33:18] Spawning window: 489bea9a-113c-4c7b-981d-a920b23dd386
[13:33:18] Spawning window: 42c5ef6f-7df0-4557-892a-990f0ccb339a
[13:33:20] Closed window: 489bea9a-113c-4c7b-981d-a920b23dd386
[13:33:20] Closed window: 42c5ef6f-7df0-4557-892a-990f0ccb339a
[13:33:20] Spawning window: 6b9a9994-d74c-4854-abaf-dc40db383f3e
[13:33:21] Closed window: 6b9a9994-d74c-4854-abaf-dc40db383f3e
[13:33:22] Spawning window: a7dfaba9-7527-4c7f-b85e-f825247cd8f3
[13:33:23] Closed window: a7dfaba9-7527-4c7f-b85e-f825247cd8f3
[13:33:23] Spawning window: b6a06385-3c1c-4cea-bfce-84c1060c6111
[13:33:23] Closed window: b6a06385-3c1c-4cea-bfce-84c1060c6111
[13:33:23] Spawning window: 03c2b442-a6b1-4faa-aa6c-f29f9d7bfcac
[13:33:23] Spawning window: 6cf4c3a5-7993-4d3d-8745-f3d6a6d39110
[13:33:23] Closed window: 03c2b442-a6b1-4faa-aa6c-f29f9d7bfcac
[13:33:23] Closed window: 6cf4c3a5-7993-4d3d-8745-f3d6a6d39110
[13:33:23] Spawning window: ab9d3462-449a-4aa8-9c3f-809a373deda9
[13:33:23] Spawning window: 7c50b02c-89c9-43d6-a9f3-53c8f7bacc89
[13:33:23] Closed window: ab9d3462-449a-4aa8-9c3f-809a373deda9
[13:33:23] Closed window: 7c50b02c-89c9-43d6-a9f3-53c8f7bacc89
[13:33:23] Spawning window: 5add4fbd-b995-42bd-88a2-2d07fa4ddd6d
[13:33:23] Closed window: 5add4fbd-b995-42bd-88a2-2d07fa4ddd6d
[13:33:23] Spawning window: eeb0a658-11a6-4506-bd48-10faaae667e5
[13:33:24] Closed window: eeb0a658-11a6-4506-bd48-10faaae667e5
[13:33:24] Spawning window: 030c0ce8-9efa-4545-9d5a-dfee21de34ce
[13:33:24] Closed window: 030c0ce8-9efa-4545-9d5a-dfee21de34ce
[13:33:24] Spawning window: f9b9a61a-d002-4a29-a034-97deb672a068
[13:33:24] Spawning window: 7c2e2f50-3620-4906-972d-667cc6d65cc4
[13:33:24] Closed window: f9b9a61a-d002-4a29-a034-97deb672a068
[13:33:24] Closed window: 7c2e2f50-3620-4906-972d-667cc6d65cc4
[13:33:31] Spawning window: b7f8dba9-070b-40b5-9a80-f4745bc8272a
[13:33:31] Spawning window: 28827c27-3bc8-455d-a2ab-5765390aa53c
[13:33:43] Closed window: b7f8dba9-070b-40b5-9a80-f4745bc8272a
[13:33:43] Closed window: 28827c27-3bc8-455d-a2ab-5765390aa53c
[13:33:43] Spawning window: 82d65d8e-af74-45e4-81ee-1c2d64d434c4
[13:33:43] Spawning window: 7fa4d789-bd04-451a-a8db-baa9222d1c8d
[13:34:35] Closed window: 82d65d8e-af74-45e4-81ee-1c2d64d434c4
[13:34:35] Closed window: 7fa4d789-bd04-451a-a8db-baa9222d1c8d
[13:34:47] Spawning window: 8c14d325-241e-4f0c-9955-38804c46f3fe
[13:34:47] Spawning window: e460e00b-78d3-4a72-92dc-7fd2796274e7
[13:34:50] Closed window: 8c14d325-241e-4f0c-9955-38804c46f3fe
[13:34:50] Closed window: e460e00b-78d3-4a72-92dc-7fd2796274e7
[13:34:50] Spawning window: 74b3cce4-8b70-4dea-9328-5920cb321100
[13:34:50] Spawning window: c46dc7b7-e893-40a9-923c-07ce398fed99
[13:34:52] Closed window: 74b3cce4-8b70-4dea-9328-5920cb321100
[13:34:52] Closed window: c46dc7b7-e893-40a9-923c-07ce398fed99
[13:34:52] Spawning window: 74a4976a-7713-423a-906e-10684926a12e
[13:34:52] Spawning window: 8a1fb69c-fab3-4e05-af13-f3d73c8742d0
[13:34:55] Closed window: 74a4976a-7713-423a-906e-10684926a12e
[13:34:55] Closed window: 8a1fb69c-fab3-4e05-af13-f3d73c8742d0
[13:34:55] Spawning window: e2afcf44-466a-4f93-84e7-4f17f9821dfe
[13:34:55] Spawning window: 91a992f7-7f8f-4534-981d-43be77bde990
[13:34:57] Closed window: e2afcf44-466a-4f93-84e7-4f17f9821dfe
[13:34:57] Closed window: 91a992f7-7f8f-4534-981d-43be77bde990
[13:34:57] Spawning window: 8e1dc6d7-32f1-4ea6-9637-3d21f5584f2f
[13:34:57] Spawning window: c8c2439f-6ec8-4c75-8e49-94d70ba3ee7b
[13:34:59] Closed window: 8e1dc6d7-32f1-4ea6-9637-3d21f5584f2f
[13:34:59] Closed window: c8c2439f-6ec8-4c75-8e49-94d70ba3ee7b
[13:34:59] Spawning window: a1960390-a614-49cc-bfe6-c7b4e56b53f3
[13:34:59] Spawning window: 774bad2c-5267-4e59-8d4e-110486c0a1ab
[13:35:02] Closed window: a1960390-a614-49cc-bfe6-c7b4e56b53f3
[13:35:02] Closed window: 774bad2c-5267-4e59-8d4e-110486c0a1ab
[13:35:02] Spawning window: 5bdf36a5-2a63-4b45-8835-41e4720e6c06
[13:35:02] Spawning window: 2746c4f5-20d7-45d6-9f87-5b33518791ac
[13:35:05] Closed window: 5bdf36a5-2a63-4b45-8835-41e4720e6c06
[13:35:05] Closed window: 2746c4f5-20d7-45d6-9f87-5b33518791ac
[13:35:05] Spawning window: e0a9858a-84c8-4538-935b-99a0ce980899
[13:35:06] Closed window: e0a9858a-84c8-4538-935b-99a0ce980899
[13:35:07] Spawning window: 87927b3c-447e-42dc-87b8-f87f7a4b075a
[13:35:12] Closed window: 87927b3c-447e-42dc-87b8-f87f7a4b075a
[13:35:12] Spawning window: 33c7125d-d036-4b10-bda4-2c8e12b38069
[13:35:12] Closed window: 33c7125d-d036-4b10-bda4-2c8e12b38069
[13:35:13] Spawning window: 8a287b53-fe3e-440f-8791-ed85dcec5967
[13:35:13] Spawning window: eca4425e-7f44-4787-8234-e7ed903eb37d
[13:35:13] Closed window: 8a287b53-fe3e-440f-8791-ed85dcec5967
[13:35:13] Closed window: eca4425e-7f44-4787-8234-e7ed903eb37d
[13:40:33] Warning: Game window not detected.
[13:40:48] Spawning window: f74331f5-4b2e-4a27-a115-d9ce6d4d437c
[13:40:48] Spawning window: 02b37dac-62f7-4b14-b91c-6dcc1d70d3b8
[13:40:53] Closed window: f74331f5-4b2e-4a27-a115-d9ce6d4d437c
[13:40:53] Closed window: 02b37dac-62f7-4b14-b91c-6dcc1d70d3b8
[13:40:54] Spawning window: faa1ca63-b97b-4864-90f1-55a0025a821b
[13:40:54] Spawning window: bcc394d2-1b5c-4a93-8d4e-bcfae57f111c
[13:40:54] Closed window: faa1ca63-b97b-4864-90f1-55a0025a821b
[13:40:54] Closed window: bcc394d2-1b5c-4a93-8d4e-bcfae57f111c
[13:40:55] Spawning window: 6a4e85c2-d7f8-4d72-bfeb-99b8d1e6cc05
[13:40:55] Spawning window: 89bfbad5-b7ce-45fd-94b0-43530bfc7f28
[14:07:54] Spawning window: 47c2606e-7a33-4226-a800-92816ceb761f
[14:07:54] Spawning window: 7fbd730b-9061-4fe4-9ac3-d265b4cf92a9
[14:07:57] Closed window: 47c2606e-7a33-4226-a800-92816ceb761f
[14:07:57] Closed window: 7fbd730b-9061-4fe4-9ac3-d265b4cf92a9
[14:07:57] Spawning window: 16653490-2afc-4166-a0c3-45ac95e4b0fd
[14:07:57] Spawning window: 993ef685-f876-4d12-9837-1ab713c7838f
[14:07:58] Closed window: 16653490-2afc-4166-a0c3-45ac95e4b0fd
[14:07:58] Closed window: 993ef685-f876-4d12-9837-1ab713c7838f
[14:07:59] Spawning window: fb11ad29-154e-41d4-90dd-b0a9e0d9e887
[14:07:59] Spawning window: 61745e9a-192b-4df7-a5ab-f555a85b3fae
[14:12:00] Closed window: fb11ad29-154e-41d4-90dd-b0a9e0d9e887
[14:12:00] Closed window: 61745e9a-192b-4df7-a5ab-f555a85b3fae
[14:12:09] Spawning window: 29db2fda-3aeb-4d86-bc4c-e55a38fe696c
[14:12:09] Spawning window: 066a8fd3-5d88-4876-b9b6-86884fdbc0ca
[14:12:11] Closed window: 29db2fda-3aeb-4d86-bc4c-e55a38fe696c
[14:12:11] Closed window: 066a8fd3-5d88-4876-b9b6-86884fdbc0ca
[14:12:12] Spawning window: e12a2478-61ec-4466-b030-781e2bd5ddcf
[14:12:12] Spawning window: 82b42772-638f-45fd-9850-6fad36be26dd
[14:12:13] Closed window: e12a2478-61ec-4466-b030-781e2bd5ddcf
[14:12:13] Closed window: 82b42772-638f-45fd-9850-6fad36be26dd
[14:12:13] Spawning window: 13a031c1-1434-4e42-a5b1-452a2537050b
[14:12:13] Closed window: 13a031c1-1434-4e42-a5b1-452a2537050b
[14:12:14] Spawning window: 16944f9b-877a-4568-9b46-9c1da55330f2
[14:12:15] Closed window: 16944f9b-877a-4568-9b46-9c1da55330f2
[14:12:15] Spawning window: e2851360-526b-4058-9f48-c16ac184260d
[14:12:15] Closed window: e2851360-526b-4058-9f48-c16ac184260d
[14:12:15] Spawning window: 48441ec2-9a6d-420c-bc3e-5e23aa300a18
[14:12:15] Spawning window: 4179ffeb-7a35-4003-8061-d87248848758
[14:12:16] Closed window: 48441ec2-9a6d-420c-bc3e-5e23aa300a18
[14:12:16] Closed window: 4179ffeb-7a35-4003-8061-d87248848758
[14:12:18] Spawning window: 99c40caf-a398-48a4-a5af-926a8d4e6cc1
[14:12:18] Spawning window: 91ace98c-4319-4969-b3f6-6098044d690e
[14:13:14] Closed window: 99c40caf-a398-48a4-a5af-926a8d4e6cc1
[14:13:14] Closed window: 91ace98c-4319-4969-b3f6-6098044d690e
[14:13:19] Spawning window: f8caeec0-2086-4bd5-96c6-f3705bbe0a56
[14:13:19] Spawning window: 529a3dd4-2437-4e96-b509-fb233bdabbc1
[14:13:25] Closed window: f8caeec0-2086-4bd5-96c6-f3705bbe0a56
[14:13:25] Closed window: 529a3dd4-2437-4e96-b509-fb233bdabbc1
[14:13:26] Spawning window: a850532c-e1c0-4d78-9831-2be8fab2a971
[14:13:26] Closed window: a850532c-e1c0-4d78-9831-2be8fab2a971
[14:13:26] Spawning window: a374ddeb-16dc-4ae9-82ed-4d9329be95dc
[14:13:26] Closed window: a374ddeb-16dc-4ae9-82ed-4d9329be95dc
[14:13:26] Spawning window: c03a5240-4df8-4fb0-beeb-5cc88be5f442
[14:13:26] Spawning window: 559e996d-537e-42f0-9aed-e32a2088ac8f
[14:13:26] Closed window: c03a5240-4df8-4fb0-beeb-5cc88be5f442
[14:13:26] Closed window: 559e996d-537e-42f0-9aed-e32a2088ac8f
[14:13:28] Spawning window: 1e14302d-e60e-4538-87a7-a47ab74ea67b
[14:13:28] Spawning window: e3bbe700-099e-4025-8aa2-9d39a4b5145c
[14:13:28] Closed window: 1e14302d-e60e-4538-87a7-a47ab74ea67b
[14:13:29] Closed window: e3bbe700-099e-4025-8aa2-9d39a4b5145c
[14:15:53] Spawning window: f9206849-8670-43e6-b1f0-d906d77b93ea
[14:15:53] Spawning window: 4b9fd56d-9abe-442f-b842-c577bf854a84
[14:16:00] Closed window: f9206849-8670-43e6-b1f0-d906d77b93ea
[14:16:00] Closed window: 4b9fd56d-9abe-442f-b842-c577bf854a84
[14:16:00] Spawning window: ea314a80-42c7-4c7b-8b30-46c30fd152a5
[14:16:01] Closed window: ea314a80-42c7-4c7b-8b30-46c30fd152a5
[14:16:01] Spawning window: ca846a69-51d5-48fd-bc70-4ccd2d261b13
[14:16:01] Spawning window: 94e66342-91b9-4ebb-9d0e-83d22875d51d
[14:16:01] Closed window: ca846a69-51d5-48fd-bc70-4ccd2d261b13
[14:16:01] Closed window: 94e66342-91b9-4ebb-9d0e-83d22875d51d
[14:16:02] Spawning window: c3ff3e84-f74a-45c8-98a4-eded9fe0d669
[14:16:02] Spawning window: 9b3ed595-8d86-40d3-8fa4-c9ff63c29b1a
[14:16:03] Closed window: c3ff3e84-f74a-45c8-98a4-eded9fe0d669
[14:16:03] Closed window: 9b3ed595-8d86-40d3-8fa4-c9ff63c29b1a
[14:16:09] Spawning window: ab2c5a81-ea24-48cf-9fd6-484af7174cfa
[14:16:09] Spawning window: 9e5865b0-9657-406a-8859-9f1bcb9d0499
[14:16:12] Closed window: ab2c5a81-ea24-48cf-9fd6-484af7174cfa
[14:16:12] Closed window: 9e5865b0-9657-406a-8859-9f1bcb9d0499
[14:16:13] Spawning window: 242d41c0-b80a-4c5b-9d7b-991947d9d95b
[14:16:13] Closed window: 242d41c0-b80a-4c5b-9d7b-991947d9d95b
[14:18:55] Warning: Game window not detected.
[14:19:08] Spawning window: 3ad6ccef-a32f-409f-83e6-7f1c2a49a25e
[14:19:08] Spawning window: 6d82cf1a-79ed-4ede-97fb-dcfe035319ba
[14:19:34] Closed window: 3ad6ccef-a32f-409f-83e6-7f1c2a49a25e
[14:19:34] Closed window: 6d82cf1a-79ed-4ede-97fb-dcfe035319ba
[14:19:34] Spawning window: 9d31bffd-625c-418e-8727-4624ede646fa
[14:19:34] Spawning window: daf7097f-1b58-4fec-a662-4bb4accc9525
[14:19:34] Closed window: 9d31bffd-625c-418e-8727-4624ede646fa
[14:19:34] Closed window: daf7097f-1b58-4fec-a662-4bb4accc9525
[14:19:35] Spawning window: c2273faa-40d8-4879-896d-60467d888b31
[14:19:35] Spawning window: 1fc52796-c44d-4f45-971c-bf548344c4bf
[14:19:35] Closed window: c2273faa-40d8-4879-896d-60467d888b31
[14:19:35] Closed window: 1fc52796-c44d-4f45-971c-bf548344c4bf
[14:19:36] Spawning window: b5b02a44-d129-4875-be16-55fae1185ac5
[14:19:36] Spawning window: 571f33fa-7fc0-4c9c-a08d-073c9cfec8eb
[14:19:36] Closed window: b5b02a44-d129-4875-be16-55fae1185ac5
[14:19:36] Closed window: 571f33fa-7fc0-4c9c-a08d-073c9cfec8eb
[14:19:37] Spawning window: 05b57f58-046b-4b9c-9994-32bb960a82c0
[14:19:37] Spawning window: 57a0d2b3-d955-4539-98fc-84bdc67f39a2
[14:19:37] Closed window: 05b57f58-046b-4b9c-9994-32bb960a82c0
[14:19:37] Closed window: 57a0d2b3-d955-4539-98fc-84bdc67f39a2
[14:19:37] Spawning window: 53fcc7e6-e5ee-4b8d-84fb-4828cce10b2e
[14:19:37] Spawning window: a39821d3-56f7-462f-9ba5-423cb2b42610
[14:19:37] Closed window: 53fcc7e6-e5ee-4b8d-84fb-4828cce10b2e
[14:19:37] Closed window: a39821d3-56f7-462f-9ba5-423cb2b42610
[14:19:37] Spawning window: 0b3f71f6-ed62-49b1-bea2-f7a69770f370
[14:19:37] Spawning window: 6b3eb12e-16e2-4af7-9374-29c06ce90f79
[14:19:37] Closed window: 0b3f71f6-ed62-49b1-bea2-f7a69770f370
[14:19:37] Closed window: 6b3eb12e-16e2-4af7-9374-29c06ce90f79
[14:19:38] Spawning window: d2e9f23e-48ba-401f-86a7-ff8402d9ca8a
[14:19:38] Spawning window: 7eedba18-4e87-448b-9eed-192d07aaff57
[14:20:16] Closed window: d2e9f23e-48ba-401f-86a7-ff8402d9ca8a
[14:20:16] Closed window: 7eedba18-4e87-448b-9eed-192d07aaff57
[14:20:47] Spawning window: 1516bbb0-8ea3-4c53-a0c0-c7d23ce2f313
[14:20:47] Spawning window: 6a3198cb-91cc-48f4-8307-58d2e0dbc0dd
[14:20:52] Closed window: 1516bbb0-8ea3-4c53-a0c0-c7d23ce2f313
[14:20:52] Closed window: 6a3198cb-91cc-48f4-8307-58d2e0dbc0dd
[14:21:15] Spawning window: 137e5e18-cb62-4353-b146-d80455757b8d
[14:21:15] Spawning window: 4d5ccf97-4954-413b-a91b-ef7b6594b690
[14:22:41] Spawning window: aa68eeb0-0656-467d-90bd-0caf07fa5165
[14:22:41] Spawning window: 143428fc-1dfe-43e7-b184-8ee42fcf5c2f
[14:24:31] Spawning window: 3e3bcc15-5b4e-4600-a738-8623fe7c05f6
[14:24:31] Spawning window: 5ed47e89-bd49-46b9-a9c6-510c8152c973
[14:24:33] Closed window: 3e3bcc15-5b4e-4600-a738-8623fe7c05f6
[14:24:33] Closed window: 5ed47e89-bd49-46b9-a9c6-510c8152c973
[14:24:33] Spawning window: d7e86041-eaa4-4a46-9872-bd5bcc7e6e69
[14:24:34] Spawning window: 4786d5ee-c21a-459f-b3a0-1e9eb5451bc7
[14:24:35] Closed window: d7e86041-eaa4-4a46-9872-bd5bcc7e6e69
[14:24:35] Closed window: 4786d5ee-c21a-459f-b3a0-1e9eb5451bc7
[14:24:35] Spawning window: 1dfe5c86-3c04-44f9-819c-be2527160343
[14:24:35] Spawning window: b192857e-4b00-413c-9160-8ab9ff0bd049
[14:24:36] Closed window: 1dfe5c86-3c04-44f9-819c-be2527160343
[14:24:36] Closed window: b192857e-4b00-413c-9160-8ab9ff0bd049
[14:24:36] Spawning window: d3ff5ebd-2539-48ca-826e-97e1cf61172d
[14:24:36] Spawning window: 17fbd2f1-5dbb-47b1-8ca5-4e87eb19c680
[14:24:38] Closed window: d3ff5ebd-2539-48ca-826e-97e1cf61172d
[14:24:38] Closed window: 17fbd2f1-5dbb-47b1-8ca5-4e87eb19c680
[14:24:38] Spawning window: 212346d8-e465-4b20-ae78-6446c335f549
[14:24:38] Spawning window: 287eb67f-16ad-46d4-a744-cce34432ad58
[14:24:40] Closed window: 212346d8-e465-4b20-ae78-6446c335f549
[14:24:40] Closed window: 287eb67f-16ad-46d4-a744-cce34432ad58
[14:24:41] Spawning window: 4e85aeaf-0f18-4461-abf6-93a2fa3a0b31
[14:24:41] Spawning window: b22def74-ac22-49a9-b248-ccf039b8dd69
[14:24:41] Closed window: 4e85aeaf-0f18-4461-abf6-93a2fa3a0b31
[14:24:41] Closed window: b22def74-ac22-49a9-b248-ccf039b8dd69
[14:24:42] Spawning window: 5c9e7cad-a894-4e88-a6d5-51ce0ec2ae57
[14:24:42] Spawning window: 00b06e20-b917-4b19-9c23-266dbbf227aa
[14:24:43] Closed window: 5c9e7cad-a894-4e88-a6d5-51ce0ec2ae57
[14:24:43] Closed window: 00b06e20-b917-4b19-9c23-266dbbf227aa
[14:24:43] Spawning window: d8918af4-8611-4b08-8f65-e2d9952083d7
[14:24:43] Spawning window: 53b28cac-e164-4f01-a183-4e8bb37c34b2
[14:24:44] Closed window: d8918af4-8611-4b08-8f65-e2d9952083d7
[14:24:44] Closed window: 53b28cac-e164-4f01-a183-4e8bb37c34b2
[14:24:44] Spawning window: ac350e04-1fa4-489b-9f9f-757b350da19c
[14:24:44] Spawning window: c7b89740-cc2c-4156-9d43-2be8c55d23ad
[14:24:52] Spawning window: 8fef2c60-4d57-49cd-abe8-b88a255f325f
[14:24:52] Spawning window: 2260cf0f-2690-438c-89a2-2d620116295d
[14:24:52] Closed window: 8fef2c60-4d57-49cd-abe8-b88a255f325f
[14:24:52] Closed window: 2260cf0f-2690-438c-89a2-2d620116295d
[14:24:53] Spawning window: 5e3d29ba-8e3f-4edf-a065-e932de6d9f4a
[14:24:53] Spawning window: c5e04b9a-df55-4a4c-b1e4-82b3985e6767
[14:24:53] Closed window: 5e3d29ba-8e3f-4edf-a065-e932de6d9f4a
[14:24:53] Closed window: c5e04b9a-df55-4a4c-b1e4-82b3985e6767
[14:24:54] Spawning window: 62d65b84-006b-4600-b4a0-7b60e397d358
[14:24:54] Spawning window: a1c8a085-21da-4c60-8641-9bae98ace1ca
[14:24:54] Closed window: 62d65b84-006b-4600-b4a0-7b60e397d358
[14:24:54] Closed window: a1c8a085-21da-4c60-8641-9bae98ace1ca
[14:24:55] Spawning window: 2ccf361f-6ff3-489c-90ce-18c99ad82483
[14:24:55] Spawning window: d518db49-e67c-4094-8f9e-c8eb08671a0c
[14:24:56] Closed window: 2ccf361f-6ff3-489c-90ce-18c99ad82483
[14:24:56] Closed window: d518db49-e67c-4094-8f9e-c8eb08671a0c
[14:24:56] Spawning window: f751be92-a22f-4ba0-a581-bcb6c6ae21f1
[14:24:56] Closed window: f751be92-a22f-4ba0-a581-bcb6c6ae21f1
[14:24:57] Spawning window: 91ff1a9b-9068-43b6-af98-08c4875e0395
[14:24:57] Closed window: 91ff1a9b-9068-43b6-af98-08c4875e0395
[14:24:57] Spawning window: 650f6f7e-51b1-42f2-945e-cde382fd07ad
[14:24:57] Closed window: 650f6f7e-51b1-42f2-945e-cde382fd07ad
[14:24:57] Spawning window: 29c48d57-6aaf-441d-929d-e8fdec539a1d
[14:24:57] Spawning window: 4bfeb139-ac91-400b-b4da-bd10766949f8
[14:24:58] Closed window: 29c48d57-6aaf-441d-929d-e8fdec539a1d
[14:24:58] Closed window: 4bfeb139-ac91-400b-b4da-bd10766949f8
[14:24:58] Spawning window: 6d75b7b6-d551-4e0f-b44e-d0e524e2df48
[14:24:58] Spawning window: cc22c30d-67c9-4240-a9b5-7fa7a9fa1624
[14:24:59] Closed window: 6d75b7b6-d551-4e0f-b44e-d0e524e2df48
[14:24:59] Closed window: cc22c30d-67c9-4240-a9b5-7fa7a9fa1624
[14:24:59] Spawning window: df79ce26-44a1-4f07-a863-06e0e3921684
[14:24:59] Spawning window: 56b4ca73-2340-4f41-b480-dcc9d03ea737
[14:24:59] Closed window: df79ce26-44a1-4f07-a863-06e0e3921684
[14:24:59] Closed window: 56b4ca73-2340-4f41-b480-dcc9d03ea737
[14:24:59] Spawning window: 8a69be49-df81-4c0c-85ab-020c5623a76a
[14:25:00] Closed window: 8a69be49-df81-4c0c-85ab-020c5623a76a
[14:25:00] Spawning window: aad90926-339b-456c-bfd1-7a129d8fcb10
[14:25:00] Spawning window: 3120a5f1-0dea-472f-9654-5c9ca56cde37
[14:25:00] Closed window: aad90926-339b-456c-bfd1-7a129d8fcb10
[14:25:00] Closed window: 3120a5f1-0dea-472f-9654-5c9ca56cde37
[14:25:00] Spawning window: bdc186f8-fe9d-4eac-b354-7cfe0f839415
[14:25:01] Closed window: bdc186f8-fe9d-4eac-b354-7cfe0f839415
[14:25:01] Spawning window: d3299175-9657-4fc1-86c3-c0ce5567151d
[14:25:01] Closed window: d3299175-9657-4fc1-86c3-c0ce5567151d
[14:25:01] Spawning window: b88ac68b-d81e-478a-928f-9aae334c7bac
[14:25:02] Closed window: b88ac68b-d81e-478a-928f-9aae334c7bac
[14:25:02] Spawning window: 5d2a699a-03dd-4cd3-9bed-6db1389e42e3
[14:25:02] Closed window: 5d2a699a-03dd-4cd3-9bed-6db1389e42e3
[14:25:02] Spawning window: 91ada73d-1cea-42b6-a594-9d1623628337
[14:25:02] Spawning window: 1b999809-c0b2-475c-aa40-348fa8baee52
[14:25:03] Closed window: 91ada73d-1cea-42b6-a594-9d1623628337
[14:25:03] Closed window: 1b999809-c0b2-475c-aa40-348fa8baee52
[14:25:03] Spawning window: 43e3b753-fc9d-4a40-8bcc-28fb85e15961
[14:25:03] Spawning window: d8670340-35d9-41fb-a85b-3c2edb7a31e2
[14:25:03] Closed window: 43e3b753-fc9d-4a40-8bcc-28fb85e15961
[14:25:03] Closed window: d8670340-35d9-41fb-a85b-3c2edb7a31e2
[14:25:04] Spawning window: 6214ba9a-ac2f-4c90-9e77-0aca467ccbb2
[14:25:04] Closed window: 6214ba9a-ac2f-4c90-9e77-0aca467ccbb2
[14:25:04] Spawning window: a1f32fdc-7dac-45f0-b03b-9ec7970dab93
[14:25:05] Closed window: a1f32fdc-7dac-45f0-b03b-9ec7970dab93
[14:25:05] Spawning window: aaf6e874-40ea-48bc-a1df-d7458b02f80d
[14:25:05] Spawning window: 781d491a-6589-4146-b86c-85c81e21c756
[14:25:05] Closed window: aaf6e874-40ea-48bc-a1df-d7458b02f80d
[14:25:05] Closed window: 781d491a-6589-4146-b86c-85c81e21c756
[14:25:07] Spawning window: 2c78ee95-bc49-4501-ac17-942653141293
[14:25:07] Spawning window: 58664532-a663-4b20-916e-37c2a6fffc54
[14:25:08] Closed window: 2c78ee95-bc49-4501-ac17-942653141293
[14:25:08] Closed window: 58664532-a663-4b20-916e-37c2a6fffc54
[14:25:09] Spawning window: 014696a0-32f9-4ece-bb01-4dc30c2adab8
[14:25:09] Spawning window: 7e606e73-b984-4976-aa49-becc95b20647
[14:25:09] Closed window: 014696a0-32f9-4ece-bb01-4dc30c2adab8
[14:25:09] Closed window: 7e606e73-b984-4976-aa49-becc95b20647
[14:25:19] Spawning window: 54937e8e-d21c-47bd-beef-0d65a9e0ca04
[14:25:19] Spawning window: 4c534d24-94ac-43bc-9f48-07d99a5bf140
[14:25:20] Closed window: 54937e8e-d21c-47bd-beef-0d65a9e0ca04
[14:25:20] Closed window: 4c534d24-94ac-43bc-9f48-07d99a5bf140
[14:25:20] Spawning window: d6952a75-2f4d-4d39-bbcd-41b907683b23
[14:25:20] Spawning window: 6438a33d-111c-4e20-8505-0886fd81c238
[14:25:21] Closed window: d6952a75-2f4d-4d39-bbcd-41b907683b23
[14:25:21] Closed window: 6438a33d-111c-4e20-8505-0886fd81c238
[14:25:21] Spawning window: 9d83033a-b7b2-4e7d-b4fa-e90cf7ce021f
[14:25:21] Spawning window: ac076962-be5b-4142-9414-bad22c7a997b
[14:25:23] Closed window: 9d83033a-b7b2-4e7d-b4fa-e90cf7ce021f
[14:25:23] Closed window: ac076962-be5b-4142-9414-bad22c7a997b
[14:27:32] Spawning window: 1aa6da16-c46e-498f-af51-37f4769ac344
[14:27:32] Spawning window: 0de46b78-da9b-437f-a35f-59ec9aaa075c
[14:27:32] Closed window: 1aa6da16-c46e-498f-af51-37f4769ac344
[14:27:32] Closed window: 0de46b78-da9b-437f-a35f-59ec9aaa075c
[14:27:37] Spawning window: 92672ade-a760-477b-8f09-fa5ec087185b
[14:27:37] Spawning window: 531b0872-f9f2-4b25-b998-81fafdd612de
[14:27:38] Closed window: 92672ade-a760-477b-8f09-fa5ec087185b
[14:27:38] Closed window: 531b0872-f9f2-4b25-b998-81fafdd612de
[14:27:39] Spawning window: dc630a83-afac-46ac-8a24-0979524d50a7
[14:27:39] Spawning window: 3c8e9671-2644-46e3-a08e-8067dfc0276d
[14:27:39] Closed window: dc630a83-afac-46ac-8a24-0979524d50a7
[14:27:39] Closed window: 3c8e9671-2644-46e3-a08e-8067dfc0276d
[14:27:40] Spawning window: 6447f28b-f694-45fb-a82d-8fbc59aa5004
[14:27:40] Spawning window: 32edf528-65c2-454d-82c8-7a6fa7a089da
[14:27:40] Closed window: 6447f28b-f694-45fb-a82d-8fbc59aa5004
[14:27:40] Closed window: 32edf528-65c2-454d-82c8-7a6fa7a089da
[14:27:41] Spawning window: a10de5c6-245d-4366-917c-5bfb3b8c967b
[14:27:41] Spawning window: aab74064-ba38-4468-821b-d5fabaf1d4e9
[14:27:41] Closed window: a10de5c6-245d-4366-917c-5bfb3b8c967b
[14:27:41] Closed window: aab74064-ba38-4468-821b-d5fabaf1d4e9
[14:27:42] Spawning window: c77ec46e-4027-4946-a4a4-d2d84abb8f90
[14:27:42] Spawning window: 7d02783d-87fc-4d84-8018-408eb24ad7d3
[14:27:43] Closed window: c77ec46e-4027-4946-a4a4-d2d84abb8f90
[14:27:43] Closed window: 7d02783d-87fc-4d84-8018-408eb24ad7d3
[14:27:43] Spawning window: e11a2ab4-7343-4265-bcff-34ff47779820
[14:27:43] Closed window: e11a2ab4-7343-4265-bcff-34ff47779820
[14:27:44] Spawning window: 60458dac-3859-43ac-8261-4356dfc76b73
[14:27:44] Closed window: 60458dac-3859-43ac-8261-4356dfc76b73
[14:27:44] Spawning window: 2a98a026-b8fa-4563-8e51-e63a29051506
[14:27:44] Spawning window: 5c8c91f2-8784-45c6-806c-e1071f870d6d
[14:27:45] Closed window: 2a98a026-b8fa-4563-8e51-e63a29051506
[14:27:45] Closed window: 5c8c91f2-8784-45c6-806c-e1071f870d6d
[14:27:46] Spawning window: 76ddbbda-5d8e-40e9-958d-5cf5fb526b54
[14:27:46] Spawning window: 6c684530-34df-4f4b-b3be-148119ab008c
[14:27:47] Closed window: 76ddbbda-5d8e-40e9-958d-5cf5fb526b54
[14:27:47] Closed window: 6c684530-34df-4f4b-b3be-148119ab008c
[14:27:48] Spawning window: df9597e6-11e3-4d3b-b562-16249e407044
[14:27:48] Spawning window: 1590805c-ad81-4177-87a9-07cd5c87048d
[14:27:49] Closed window: df9597e6-11e3-4d3b-b562-16249e407044
[14:27:49] Closed window: 1590805c-ad81-4177-87a9-07cd5c87048d
[14:27:49] Spawning window: 43a2f3c5-c9b1-453c-9706-809ef3184411
[14:27:49] Spawning window: e650a70b-f77b-4cc4-943e-075c3475bef8
[14:27:50] Closed window: 43a2f3c5-c9b1-453c-9706-809ef3184411
[14:27:50] Closed window: e650a70b-f77b-4cc4-943e-075c3475bef8
[14:27:50] Spawning window: dc22a767-ae30-4a66-82ea-60fab733da55
[14:27:50] Spawning window: 675c963e-7033-4e5d-98ac-4e836a080ba9
[14:27:51] Closed window: dc22a767-ae30-4a66-82ea-60fab733da55
[14:27:51] Closed window: 675c963e-7033-4e5d-98ac-4e836a080ba9
[14:27:52] Spawning window: c573ce53-d44e-40d2-9564-7a3083d365f6
[14:27:52] Spawning window: b1cad1e5-8ded-44e1-8c26-7e26d5b42fee
[14:27:54] Closed window: c573ce53-d44e-40d2-9564-7a3083d365f6
[14:27:54] Closed window: b1cad1e5-8ded-44e1-8c26-7e26d5b42fee
[14:29:49] Spawning window: 60a41d17-88cf-42b0-8b48-4e0a4e910151
[14:29:49] Spawning window: 77e84e4b-2faf-4c53-9d62-79ab5d868a6c
[14:29:50] Closed window: 60a41d17-88cf-42b0-8b48-4e0a4e910151
[14:29:50] Closed window: 77e84e4b-2faf-4c53-9d62-79ab5d868a6c
[14:29:51] Spawning window: b0a33740-d457-44d3-a8ef-f26c13e40048
[14:29:51] Spawning window: 98e18c62-8d33-4302-ae2f-b0d548655ec5
[14:29:51] Closed window: b0a33740-d457-44d3-a8ef-f26c13e40048
[14:29:51] Closed window: 98e18c62-8d33-4302-ae2f-b0d548655ec5
[14:29:52] Spawning window: 9f4bf7cf-a66b-432b-8e4e-04bb54f9b228
[14:29:52] Spawning window: 07fbc989-c357-4087-b06c-2989e0c86fc6
[14:29:52] Closed window: 9f4bf7cf-a66b-432b-8e4e-04bb54f9b228
[14:29:52] Closed window: 07fbc989-c357-4087-b06c-2989e0c86fc6
[14:29:53] Spawning window: 0ad13b51-548b-4ade-ac28-735dbb8a5956
[14:29:53] Spawning window: 9fcc3758-bd4b-40fe-b679-e61e8e887228
[14:29:53] Closed window: 0ad13b51-548b-4ade-ac28-735dbb8a5956
[14:29:53] Closed window: 9fcc3758-bd4b-40fe-b679-e61e8e887228
[14:29:54] Spawning window: ef3e6944-c4c4-46e0-bbc7-802f0546dbff
[14:29:54] Spawning window: de80dfa7-c34b-4b18-81a6-bc219e861492
[14:29:55] Closed window: ef3e6944-c4c4-46e0-bbc7-802f0546dbff
[14:29:55] Closed window: de80dfa7-c34b-4b18-81a6-bc219e861492
[14:29:55] Spawning window: 57bfc14c-e04b-43f1-8928-53e1be5b30bc
[14:29:56] Closed window: 57bfc14c-e04b-43f1-8928-53e1be5b30bc
[14:29:56] Spawning window: 79bd4dc3-43da-4552-9c18-b5d4747fb8ef
[14:29:57] Closed window: 79bd4dc3-43da-4552-9c18-b5d4747fb8ef
[14:29:57] Spawning window: 9b00c1a6-99be-477b-a031-155e02ec7621
[14:29:57] Closed window: 9b00c1a6-99be-477b-a031-155e02ec7621
[14:29:58] Spawning window: e998da01-1f39-41cc-b03e-2a323c6c3fb3
[14:29:59] Closed window: e998da01-1f39-41cc-b03e-2a323c6c3fb3
[14:29:59] Spawning window: 8b300a0d-b98c-43d7-b7fd-fab350c12357
[14:29:59] Closed window: 8b300a0d-b98c-43d7-b7fd-fab350c12357
[14:29:59] Spawning window: ff245c3d-b83e-49e7-ad1f-3fb39edef13b
[14:29:59] Spawning window: 4acd4bf1-1ec0-4a1e-9e27-37b4233f701f
[14:30:00] Closed window: ff245c3d-b83e-49e7-ad1f-3fb39edef13b
[14:30:00] Closed window: 4acd4bf1-1ec0-4a1e-9e27-37b4233f701f
[14:30:02] Spawning window: 1f04479b-9a90-4383-9e7e-e7f691aa7ba2
[14:30:02] Spawning window: 69e564a8-3526-4de1-b8fd-5fe862ce8705
[14:30:02] Closed window: 1f04479b-9a90-4383-9e7e-e7f691aa7ba2
[14:30:02] Closed window: 69e564a8-3526-4de1-b8fd-5fe862ce8705
[14:30:02] Spawning window: c784d96b-b480-4163-8e4a-63199b65929e
[14:30:02] Spawning window: bdb61401-fd9e-4857-8d4b-2d6f039f9716
[14:30:03] Closed window: c784d96b-b480-4163-8e4a-63199b65929e
[14:30:03] Closed window: bdb61401-fd9e-4857-8d4b-2d6f039f9716
[14:30:04] Spawning window: 1a7b6a82-841d-4f52-bd4b-9dce4eaa8bac
[14:30:04] Spawning window: a0646f95-0f14-4811-b276-eedd66abd0fe
[14:30:04] Closed window: 1a7b6a82-841d-4f52-bd4b-9dce4eaa8bac
[14:30:04] Closed window: a0646f95-0f14-4811-b276-eedd66abd0fe
[14:30:05] Spawning window: 578ef16b-cbd8-46c2-bb02-e7ef221b398d
[14:30:05] Spawning window: 4f1817ba-471b-4901-bfd0-a31c78d62d93
[14:30:07] Closed window: 578ef16b-cbd8-46c2-bb02-e7ef221b398d
[14:30:07] Closed window: 4f1817ba-471b-4901-bfd0-a31c78d62d93
[14:30:07] Spawning window: e750843c-f335-4a54-a5a1-dac018ad9d93
[14:30:07] Spawning window: a5e91463-ce0a-4458-924b-9154e5677c31
[14:30:08] Closed window: e750843c-f335-4a54-a5a1-dac018ad9d93
[14:30:08] Closed window: a5e91463-ce0a-4458-924b-9154e5677c31
[14:30:08] Spawning window: 6a3d730b-c347-472d-85ef-7b5267e43518
[14:30:08] Spawning window: 9f322393-096c-4b4f-b9d8-8af1122afa68
[14:30:09] Closed window: 6a3d730b-c347-472d-85ef-7b5267e43518
[14:30:09] Closed window: 9f322393-096c-4b4f-b9d8-8af1122afa68
[14:30:09] Spawning window: 574ba5ba-008c-421a-a001-8893730b3b2b
[14:30:09] Spawning window: aed2e434-983c-42cc-86ce-458b86e4a50d
[14:30:10] Closed window: 574ba5ba-008c-421a-a001-8893730b3b2b
[14:30:10] Closed window: aed2e434-983c-42cc-86ce-458b86e4a50d
[14:30:10] Spawning window: 4e711e7e-a571-4b31-9386-1ef10f8fe121
[14:30:10] Spawning window: 3acc742f-12b2-405b-9f52-afd3623142a5
[14:30:11] Closed window: 4e711e7e-a571-4b31-9386-1ef10f8fe121
[14:30:11] Closed window: 3acc742f-12b2-405b-9f52-afd3623142a5
[14:30:12] Spawning window: 023461d5-f6c2-44d1-bd18-ce0aeaf057f1
[14:30:12] Spawning window: 0422c567-5189-4ab6-a875-c3f88bc44e82
[14:30:13] Closed window: 023461d5-f6c2-44d1-bd18-ce0aeaf057f1
[14:30:13] Closed window: 0422c567-5189-4ab6-a875-c3f88bc44e82
[14:30:13] Spawning window: 60cd2118-6509-4e76-b3cb-92acd1a0e899
[14:30:13] Spawning window: 122a855d-8a0a-4c8d-8121-2ac138701f52
[14:30:19] Closed window: 60cd2118-6509-4e76-b3cb-92acd1a0e899
[14:30:19] Closed window: 122a855d-8a0a-4c8d-8121-2ac138701f52
[14:30:19] Spawning window: b48d7d5e-6590-46ee-95fd-97e07554d33c
[14:30:19] Spawning window: a2422076-7148-4cad-b0c6-e05dd03794c9
[14:30:20] Closed window: b48d7d5e-6590-46ee-95fd-97e07554d33c
[14:30:20] Closed window: a2422076-7148-4cad-b0c6-e05dd03794c9
[14:30:20] Spawning window: 230f00d8-290a-4aaf-8c0a-6305a3a88ee8
[14:30:20] Spawning window: e890d5a5-1f95-46dc-a09d-cafc8c0ba26a
[14:30:21] Closed window: 230f00d8-290a-4aaf-8c0a-6305a3a88ee8
[14:30:21] Closed window: e890d5a5-1f95-46dc-a09d-cafc8c0ba26a
[14:35:57] Spawning window: 8ec93db8-af2c-4471-b51d-15325e244b91
[14:35:57] Unexpected error: 'MessageWindow' object has no attribute 'effect'
[14:37:01] Spawning window: d5dc0a92-742f-4bac-8c34-ae5e33998b5b
[14:37:02] Spawning window: 1831f7cb-4c6e-4b32-823e-5b6c15d4cd77
[14:37:03] Closed window: d5dc0a92-742f-4bac-8c34-ae5e33998b5b
[14:37:03] Closed window: 1831f7cb-4c6e-4b32-823e-5b6c15d4cd77
[14:37:03] Spawning window: 0b3ce4ce-2cae-4146-a2cc-ab6e127bd5b2
[14:37:03] Spawning window: 6a7143d3-c7b7-4293-858c-c17301b14630
[14:37:04] Closed window: 0b3ce4ce-2cae-4146-a2cc-ab6e127bd5b2
[14:37:04] Closed window: 6a7143d3-c7b7-4293-858c-c17301b14630
[14:37:07] Spawning window: 657bcad6-6e7f-43de-bb6c-4264f600c4bd
[14:37:07] Spawning window: e4188524-6175-4152-af85-2bb97af851e4
[14:37:11] Closed window: 657bcad6-6e7f-43de-bb6c-4264f600c4bd
[14:37:11] Closed window: e4188524-6175-4152-af85-2bb97af851e4
[14:37:12] Spawning window: 467120ad-cfe9-434e-958c-940f7f2a7645
[14:37:12] Spawning window: 18361f1e-f991-44a1-86da-439b52401906
[14:37:13] Closed window: 467120ad-cfe9-434e-958c-940f7f2a7645
[14:37:13] Closed window: 18361f1e-f991-44a1-86da-439b52401906
[14:37:13] Spawning window: 0a910630-3d64-41f7-9b58-73b29183ee15
[14:37:13] Spawning window: 29558a35-86d3-4941-a4a9-3d04dffabdee
[14:37:14] Closed window: 0a910630-3d64-41f7-9b58-73b29183ee15
[14:37:14] Closed window: 29558a35-86d3-4941-a4a9-3d04dffabdee
[14:37:14] Spawning window: 4e3bb93c-d5df-4ac1-8923-b39cffc81e22
[14:37:14] Unexpected error: 'BaseEffect' object has no attribute 'DISPLAY_W'
[14:37:16] Spawning window: 8bf6666d-94ec-4bc5-8dbe-1f80ff0e1e28
[14:37:16] Unexpected error: 'BaseEffect' object has no attribute 'DISPLAY_W'
[14:43:06] Spawning window: 7117f95a-c692-4250-86f7-21102113b9c2
[14:43:06] Unexpected error: 'BaseEffect' object has no attribute 'DISPLAY_W'
[14:43:06] Spawning window: 4c7be4b3-9e72-42fc-ab4b-8479553496e6
[14:43:06] Unexpected error: 'BaseEffect' object has no attribute 'DISPLAY_W'
[14:43:11] Spawning window: 95b712f0-8555-4007-96b8-093f38cb1c0f
[14:43:11] Unexpected error: 'MessageWindow' object has no attribute 'effect'
[14:43:11] Spawning window: 66216d63-793a-49c2-8be0-d85a05f427b6
[14:43:11] Unexpected error: 'MessageWindow' object has no attribute 'effect'
[14:43:16] Spawning window: 8ec931c7-a99d-444e-9072-de0c2f8bf35e
[14:43:16] Unexpected error: 'MessageWindow' object has no attribute 'effect'
[14:44:11] Spawning window: 91cc39b0-bf7a-4951-a155-cfedb85b83aa
[14:44:11] Spawning window: e2d730d7-66bc-4739-8951-5406d2d91c9b
[14:44:12] Closed window: 91cc39b0-bf7a-4951-a155-cfedb85b83aa
[14:44:12] Closed window: e2d730d7-66bc-4739-8951-5406d2d91c9b
[14:44:13] Spawning window: bdf11122-f28a-400a-9844-301d7c527435
[14:44:13] Spawning window: 3e29e02b-88c1-4991-8b67-d3d4e9f87664
[14:44:13] Closed window: bdf11122-f28a-400a-9844-301d7c527435
[14:44:13] Closed window: 3e29e02b-88c1-4991-8b67-d3d4e9f87664
[14:44:13] Spawning window: a05b89f4-9a37-418d-8fc2-8d6cfe89b6ef
[14:44:13] Spawning window: 24197ab9-0601-47af-a8da-a7205a72ecac
[14:44:14] Closed window: a05b89f4-9a37-418d-8fc2-8d6cfe89b6ef
[14:44:14] Closed window: 24197ab9-0601-47af-a8da-a7205a72ecac
[14:44:14] Spawning window: 26f00aaa-09f9-4e6a-a66b-5f69052e854e
[14:44:14] Spawning window: 43c28b89-c739-49f8-879a-35fa4df9e0a3
[14:44:15] Closed window: 26f00aaa-09f9-4e6a-a66b-5f69052e854e
[14:44:15] Closed window: 43c28b89-c739-49f8-879a-35fa4df9e0a3
[14:44:15] Spawning window: 28b6ae20-b26c-44a3-bd8c-ad1da5bb6b2e
[14:44:15] Spawning window: 3a2df50e-2844-400f-93d1-7df4af020bfa
[14:44:16] Closed window: 28b6ae20-b26c-44a3-bd8c-ad1da5bb6b2e
[14:44:16] Closed window: 3a2df50e-2844-400f-93d1-7df4af020bfa
[14:44:16] Spawning window: 7f0ebc10-50f6-48d3-8f10-c366b9a372e2
[14:44:16] Closed window: 7f0ebc10-50f6-48d3-8f10-c366b9a372e2
[14:44:17] Spawning window: 6927ee5f-3f22-46b9-b4d0-081266f1703c
[14:44:17] Closed window: 6927ee5f-3f22-46b9-b4d0-081266f1703c
[14:44:17] Spawning window: f8793f81-046b-4758-a995-e6042e89d79e
[14:44:17] Spawning window: c862e01d-19ca-4913-9f70-6b4041bc4492
[14:44:17] Closed window: f8793f81-046b-4758-a995-e6042e89d79e
[14:44:17] Closed window: c862e01d-19ca-4913-9f70-6b4041bc4492
[14:44:17] Spawning window: f4d09d77-7979-44c0-ba8f-bbc9086aae56
[14:44:17] Spawning window: 2e122a05-b089-4a5c-8796-9b1067f7b39a
[14:44:17] Closed window: f4d09d77-7979-44c0-ba8f-bbc9086aae56
[14:44:17] Closed window: 2e122a05-b089-4a5c-8796-9b1067f7b39a
[14:44:17] Spawning window: 92a33239-0db3-4ce7-b958-c284e40b29d6
[14:44:17] Closed window: 92a33239-0db3-4ce7-b958-c284e40b29d6
[14:44:19] Spawning window: 55eede6f-5749-46ff-930f-1b7b092b2f97
[14:44:20] Closed window: 55eede6f-5749-46ff-930f-1b7b092b2f97
[14:44:20] Spawning window: 2c43b00a-6478-4f05-96cf-886a8c49b559
[14:44:20] Closed window: 2c43b00a-6478-4f05-96cf-886a8c49b559
[14:44:20] Spawning window: 732014d3-06e4-41e9-bdf3-e6c750fdaa94
[14:44:20] Spawning window: 1df14ea3-f299-414f-bd2f-eea1f7a2aac2
[14:44:20] Closed window: 732014d3-06e4-41e9-bdf3-e6c750fdaa94
[14:44:20] Closed window: 1df14ea3-f299-414f-bd2f-eea1f7a2aac2
[14:44:20] Spawning window: fcdc7180-6ddf-4f4c-be70-65ced1f5d676
[14:44:20] Spawning window: a657e1cb-9995-4cbc-8aad-48f3ed41857b
[14:44:21] Closed window: fcdc7180-6ddf-4f4c-be70-65ced1f5d676
[14:44:21] Closed window: a657e1cb-9995-4cbc-8aad-48f3ed41857b
[14:44:21] Spawning window: 23028098-4060-4858-8c69-46db8a30a080
[14:44:21] Closed window: 23028098-4060-4858-8c69-46db8a30a080
[14:44:21] Spawning window: ca49688f-01fa-4295-9cff-1a829cf44d98
[14:44:21] Closed window: ca49688f-01fa-4295-9cff-1a829cf44d98
[14:44:21] Spawning window: 452e3f24-7221-4375-9d8c-242a64e64643
[14:44:21] Closed window: 452e3f24-7221-4375-9d8c-242a64e64643
[14:44:21] Spawning window: e2c30b05-7968-496b-a405-592bb897c24c
[14:44:21] Spawning window: 369c117a-b445-4bf6-aa21-bd4ec9f6360d
[14:44:21] Closed window: e2c30b05-7968-496b-a405-592bb897c24c
[14:44:21] Closed window: 369c117a-b445-4bf6-aa21-bd4ec9f6360d
[14:44:22] Spawning window: 870ad479-4405-4e6e-9f7f-af9c6b6166b8
[14:44:22] Spawning window: 5699fc53-619e-4cbd-98f0-8d1bf49e8189
[14:44:22] Closed window: 870ad479-4405-4e6e-9f7f-af9c6b6166b8
[14:44:22] Closed window: 5699fc53-619e-4cbd-98f0-8d1bf49e8189
[14:44:22] Spawning window: 0ec586dc-8214-4cad-a059-1859aae3b290
[14:44:22] Closed window: 0ec586dc-8214-4cad-a059-1859aae3b290
[14:44:22] Spawning window: 29d10ae3-f760-4ca0-8bf1-7b5f560a500f
[14:44:22] Closed window: 29d10ae3-f760-4ca0-8bf1-7b5f560a500f
[14:44:22] Spawning window: ba13cc2a-6c22-4afd-9888-1b945e128a83
[14:44:22] Spawning window: 9866a322-353b-40a2-ab66-a12a21cd0bab
[14:44:22] Closed window: ba13cc2a-6c22-4afd-9888-1b945e128a83
[14:44:22] Closed window: 9866a322-353b-40a2-ab66-a12a21cd0bab
[14:44:22] Spawning window: 3dd2febb-857a-4be8-9605-5461ba989b8a
[14:44:22] Spawning window: a6d29ae5-ec9e-4f42-8f11-c5216b5c3a54
[14:44:23] Closed window: 3dd2febb-857a-4be8-9605-5461ba989b8a
[14:44:23] Closed window: a6d29ae5-ec9e-4f42-8f11-c5216b5c3a54
[14:44:23] Spawning window: ac2c4196-417b-4e7c-8d18-ddc0d3975c10
[14:44:23] Closed window: ac2c4196-417b-4e7c-8d18-ddc0d3975c10
[14:44:23] Spawning window: c0e63ed4-98ac-4f32-87c8-53306db0d8b3
[14:44:23] Spawning window: fa53a677-67d4-4151-830a-853ab4ad6f62
[14:44:26] Closed window: c0e63ed4-98ac-4f32-87c8-53306db0d8b3
[14:44:26] Closed window: fa53a677-67d4-4151-830a-853ab4ad6f62
[14:44:27] Spawning window: 3034f9a4-b39c-4d11-94c0-51a10e93916b
[14:44:27] Spawning window: a3f47710-d8f5-4c48-9261-b5eb0acace8c
[14:44:29] Closed window: 3034f9a4-b39c-4d11-94c0-51a10e93916b
[14:44:29] Closed window: a3f47710-d8f5-4c48-9261-b5eb0acace8c
[15:29:50] Spawning window: 26bea48e-e845-47ee-9b90-e0a3c9387451
[15:29:55] Spawning window: 134a96fe-b63b-4bea-b303-0ad6fec087aa
[15:29:57] Closed window: 26bea48e-e845-47ee-9b90-e0a3c9387451
[15:29:57] Closed window: 134a96fe-b63b-4bea-b303-0ad6fec087aa
[15:29:57] Spawning window: 26bea48e-e845-47ee-9b90-e0a3c9387451
[15:29:57] Spawning window: 134a96fe-b63b-4bea-b303-0ad6fec087aa
[15:29:58] Closed window: 134a96fe-b63b-4bea-b303-0ad6fec087aa
[15:29:58] Spawning window: 2dee7e3f-03de-4c78-88fd-b77ddb7136dc
[15:29:58] Closed window: 26bea48e-e845-47ee-9b90-e0a3c9387451
[15:29:58] Closed window: 2dee7e3f-03de-4c78-88fd-b77ddb7136dc
[15:29:58] Spawning window: f834a336-5edd-4e22-86bb-95b8839a3a34
[15:29:58] Closed window: f834a336-5edd-4e22-86bb-95b8839a3a34
[15:29:58] Spawning window: b1976a2c-6467-4a02-850a-62b19e9faf6b
[15:29:59] Spawning window: c9cbb4e9-59a9-4a53-aa6c-316ae63c4b14
[15:30:00] Closed window: b1976a2c-6467-4a02-850a-62b19e9faf6b
[15:30:00] Closed window: c9cbb4e9-59a9-4a53-aa6c-316ae63c4b14
[15:30:01] Spawning window: b1976a2c-6467-4a02-850a-62b19e9faf6b
[15:30:01] Spawning window: c9cbb4e9-59a9-4a53-aa6c-316ae63c4b14
[15:30:01] Closed window: c9cbb4e9-59a9-4a53-aa6c-316ae63c4b14
[15:30:01] Spawning window: 54b9a608-9d5f-4d80-a4ae-e4748c41bdea
[15:30:01] Closed window: b1976a2c-6467-4a02-850a-62b19e9faf6b
[15:30:01] Closed window: 54b9a608-9d5f-4d80-a4ae-e4748c41bdea
[15:30:01] Spawning window: 2c1252c5-9d4c-4c70-b3b8-276bb028ee81
[15:30:02] Spawning window: ceb6c2d5-43eb-400e-a39f-83b4f426187a
[15:30:03] Closed window: ceb6c2d5-43eb-400e-a39f-83b4f426187a
[15:30:03] Spawning window: 13021f9e-4d22-4ea1-8a81-fc2702b253fe
[15:30:03] Closed window: 2c1252c5-9d4c-4c70-b3b8-276bb028ee81
[15:30:03] Closed window: 13021f9e-4d22-4ea1-8a81-fc2702b253fe
[15:30:03] Spawning window: 0a1f7b26-7f47-499b-af3f-b7490b27b911
[15:30:03] Closed window: 0a1f7b26-7f47-499b-af3f-b7490b27b911
[15:30:03] Spawning window: 3d589102-60f3-44be-891a-0a0c4ce936e0
[15:30:03] Spawning window: ac10ef2f-05de-4209-b0a2-e55904b329e9
[15:30:04] Closed window: 3d589102-60f3-44be-891a-0a0c4ce936e0
[15:30:04] Closed window: ac10ef2f-05de-4209-b0a2-e55904b329e9
[15:30:05] Spawning window: 3d589102-60f3-44be-891a-0a0c4ce936e0
[15:30:05] Spawning window: ac10ef2f-05de-4209-b0a2-e55904b329e9
[15:30:05] Closed window: ac10ef2f-05de-4209-b0a2-e55904b329e9
[15:30:05] Spawning window: f0a74a91-909c-43ca-afc1-146a5b0b73f9
[15:30:05] Closed window: 3d589102-60f3-44be-891a-0a0c4ce936e0
[15:30:05] Closed window: f0a74a91-909c-43ca-afc1-146a5b0b73f9
[15:30:05] Spawning window: 94b2be18-4486-4753-91cb-b1822d797020
[15:30:05] Closed window: 94b2be18-4486-4753-91cb-b1822d797020
[15:30:06] Spawning window: 491fec14-cbec-4c37-8e3f-52813f2287e6
[15:30:07] Spawning window: b6794c9e-643d-442f-86fd-53783d1b3a0c
[15:30:07] Closed window: b6794c9e-643d-442f-86fd-53783d1b3a0c
[15:30:07] Spawning window: 7a75046e-dddc-400d-8b1c-e73309619e57
[15:30:09] Closed window: 7a75046e-dddc-400d-8b1c-e73309619e57
[15:30:09] Spawning window: 175d59db-274e-4376-8c65-a7446adb4558
[15:30:10] Closed window: 491fec14-cbec-4c37-8e3f-52813f2287e6
[15:30:10] Closed window: 175d59db-274e-4376-8c65-a7446adb4558
[15:30:10] Spawning window: 40b1fc34-9515-435e-90f6-9bf0d64eb537
[15:30:11] Closed window: 40b1fc34-9515-435e-90f6-9bf0d64eb537
[15:30:11] Spawning window: c04e2f3e-3e93-46c8-8c8a-1455aa4f26c9
[15:30:12] Spawning window: 9e043cbe-572a-4136-a6c9-e1c97d47ba45
[15:30:13] Closed window: 9e043cbe-572a-4136-a6c9-e1c97d47ba45
[15:30:13] Spawning window: 7739c43a-8cfb-4ccb-8240-dfa55a2489b2
[15:30:13] Closed window: c04e2f3e-3e93-46c8-8c8a-1455aa4f26c9
[15:30:13] Closed window: 7739c43a-8cfb-4ccb-8240-dfa55a2489b2
[15:30:13] Spawning window: 545af2f5-b058-4786-8e25-271ec02cfc2f
[15:30:14] Spawning window: ae08b5c4-3cdf-41f4-bab5-14dc932a941b
[15:30:15] Closed window: 545af2f5-b058-4786-8e25-271ec02cfc2f
[15:30:15] Closed window: ae08b5c4-3cdf-41f4-bab5-14dc932a941b
[15:30:16] Spawning window: 545af2f5-b058-4786-8e25-271ec02cfc2f
[15:30:16] Spawning window: ae08b5c4-3cdf-41f4-bab5-14dc932a941b
[15:30:17] Closed window: ae08b5c4-3cdf-41f4-bab5-14dc932a941b
[15:30:17] Spawning window: 101f6eec-867f-47fa-9062-be611e9574b7
[15:30:26] Closed window: 101f6eec-867f-47fa-9062-be611e9574b7
[15:30:26] Spawning window: 3802881d-7473-4b1c-b413-09abc10ad438
[15:30:27] Closed window: 545af2f5-b058-4786-8e25-271ec02cfc2f
[15:30:27] Closed window: 3802881d-7473-4b1c-b413-09abc10ad438
[15:30:27] Spawning window: e5d401a3-1288-4ddb-9bb5-b1c8de60d2da
[15:30:27] Spawning window: 1bca6f88-f556-404e-af83-74d259618bdf
[15:30:28] Closed window: 1bca6f88-f556-404e-af83-74d259618bdf
[15:30:28] Spawning window: fcfbd3e4-7f88-42d5-a4d9-216f6d83abfc
[15:30:29] Closed window: e5d401a3-1288-4ddb-9bb5-b1c8de60d2da
[15:30:29] Closed window: fcfbd3e4-7f88-42d5-a4d9-216f6d83abfc
[15:30:29] Spawning window: f2958d7b-7749-4482-87f2-fa153e72d47f
[15:30:29] Spawning window: 3381f8fb-d19d-42d0-a8a0-b85cd0f7b8f3
[15:30:30] Closed window: 3381f8fb-d19d-42d0-a8a0-b85cd0f7b8f3
[15:30:30] Spawning window: ba736162-086c-4134-9024-c0632bec7f9a
[15:30:30] Closed window: f2958d7b-7749-4482-87f2-fa153e72d47f
[15:30:30] Closed window: ba736162-086c-4134-9024-c0632bec7f9a
[15:30:30] Spawning window: 68e720dc-dd07-4fc9-a35a-755c66c8ee3b
[15:30:55] Closed window: 68e720dc-dd07-4fc9-a35a-755c66c8ee3b
[15:32:56] Spawning window: 0be67b65-2404-44fd-a7dc-97f81e6b2de8
[15:32:57] Spawning window: e2fd355b-5af0-43a7-a4c3-95159d2c72e2
[15:32:58] Closed window: e2fd355b-5af0-43a7-a4c3-95159d2c72e2
[15:32:58] Spawning window: 555d190f-4a27-4a9d-9920-78ca83371228
[15:32:59] Closed window: 555d190f-4a27-4a9d-9920-78ca83371228
[15:32:59] Spawning window: cb75466c-0e2b-420d-acf6-7d12e7629946
[15:32:59] Closed window: 0be67b65-2404-44fd-a7dc-97f81e6b2de8
[15:32:59] Closed window: cb75466c-0e2b-420d-acf6-7d12e7629946
[15:32:59] Spawning window: 54d1b991-0483-4c6b-b203-e40c086912e9
[15:32:59] Closed window: 54d1b991-0483-4c6b-b203-e40c086912e9
[15:32:59] Spawning window: 01e0a715-302e-41be-b240-bce57f56aa01
[15:32:59] Spawning window: 10129c62-49ab-4eb9-b827-a95c7b9632c0
[15:33:00] Closed window: 01e0a715-302e-41be-b240-bce57f56aa01
[15:33:00] Closed window: 10129c62-49ab-4eb9-b827-a95c7b9632c0
[15:33:02] Spawning window: 7e03d328-5811-4266-97a2-66194e6e5cd9
[15:33:03] Spawning window: d002199e-41de-4451-ab6a-3d2d7c45c6cc
[15:33:04] Closed window: d002199e-41de-4451-ab6a-3d2d7c45c6cc
[15:33:04] Spawning window: 70a50804-ddad-4ab4-a365-41ddb35cf798
[15:33:04] Closed window: 7e03d328-5811-4266-97a2-66194e6e5cd9
[15:33:04] Closed window: 70a50804-ddad-4ab4-a365-41ddb35cf798
[15:33:04] Spawning window: 18fbdf90-fb64-42ed-bb90-17ab78d9fe36
[15:33:08] Closed window: 18fbdf90-fb64-42ed-bb90-17ab78d9fe36
[15:40:45] Spawning window: 8d6db75a-5d46-4ff7-be77-5262bd28e54f
[15:40:45] Spawning window: 7f77f186-6e67-4158-b377-6abe47b00002
[15:40:45] Closed window: 8d6db75a-5d46-4ff7-be77-5262bd28e54f
[15:40:45] Closed window: 7f77f186-6e67-4158-b377-6abe47b00002
[15:40:46] Spawning window: bdfa968b-7734-49e8-839a-509a73a32dfd
[15:40:47] Spawning window: ac24c6bf-4a2f-43f1-9dac-1815d7f17756
[15:40:48] Closed window: bdfa968b-7734-49e8-839a-509a73a32dfd
[15:40:48] Closed window: ac24c6bf-4a2f-43f1-9dac-1815d7f17756
[15:40:49] Spawning window: bdfa968b-7734-49e8-839a-509a73a32dfd
[15:40:49] Spawning window: ac24c6bf-4a2f-43f1-9dac-1815d7f17756
[15:40:49] Closed window: ac24c6bf-4a2f-43f1-9dac-1815d7f17756
[15:40:49] Spawning window: 2555dbfe-6a5f-4e22-a6ee-995f055d23ec
[15:40:51] Closed window: 2555dbfe-6a5f-4e22-a6ee-995f055d23ec
[15:40:51] Spawning window: d0d51876-a29b-4776-a15f-e808bcc0fd63
[15:41:53] Closed window: bdfa968b-7734-49e8-839a-509a73a32dfd
[15:41:53] Closed window: d0d51876-a29b-4776-a15f-e808bcc0fd63
[15:41:53] Spawning window: 5364b8f0-84af-46cc-8952-0e6427c81e42
[15:41:53] Closed window: 5364b8f0-84af-46cc-8952-0e6427c81e42
[15:42:23] Spawning window: aa1f2071-4186-4425-b8c3-86910db486ae
[15:42:23] Spawning window: c71580c1-3a7a-4a11-ba92-08755157e0ea
[15:42:24] Closed window: aa1f2071-4186-4425-b8c3-86910db486ae
[15:42:24] Closed window: c71580c1-3a7a-4a11-ba92-08755157e0ea
[15:42:25] Spawning window: aa1f2071-4186-4425-b8c3-86910db486ae
[15:42:25] Spawning window: c71580c1-3a7a-4a11-ba92-08755157e0ea
[15:42:25] Closed window: c71580c1-3a7a-4a11-ba92-08755157e0ea
[15:42:25] Spawning window: 5ea589a5-f99f-4408-89fb-eed5ba66c42d
[15:42:26] Closed window: aa1f2071-4186-4425-b8c3-86910db486ae
[15:42:26] Closed window: 5ea589a5-f99f-4408-89fb-eed5ba66c42d
[15:42:26] Spawning window: 8198525e-8d72-4da4-871b-888d2346569f
[15:42:30] Spawning window: e676cca5-1e32-496e-b6a6-101b2271130f
[15:42:31] Closed window: 8198525e-8d72-4da4-871b-888d2346569f
[15:42:31] Closed window: e676cca5-1e32-496e-b6a6-101b2271130f
[15:42:33] Spawning window: a1c9d59a-e4aa-494d-adca-316e0811ff16
[15:42:33] Spawning window: 7c330ea6-8ad9-472c-a484-06943a835071
[15:42:34] Closed window: a1c9d59a-e4aa-494d-adca-316e0811ff16
[15:42:34] Closed window: 7c330ea6-8ad9-472c-a484-06943a835071
[15:42:35] Spawning window: a1c9d59a-e4aa-494d-adca-316e0811ff16
[15:42:35] Spawning window: 7c330ea6-8ad9-472c-a484-06943a835071
[15:42:35] Closed window: 7c330ea6-8ad9-472c-a484-06943a835071
[15:42:35] Spawning window: 67c90aa9-4f9a-4a6d-a4af-5c80492d03ab
[15:42:36] Closed window: a1c9d59a-e4aa-494d-adca-316e0811ff16
[15:42:36] Closed window: 67c90aa9-4f9a-4a6d-a4af-5c80492d03ab
[15:42:36] Spawning window: 70380625-82e3-4d51-bea7-f12512803809
[15:42:37] Spawning window: d7eefd9b-1036-4bcb-ad1c-89b7908b2887
[15:42:37] Closed window: d7eefd9b-1036-4bcb-ad1c-89b7908b2887
[15:42:37] Spawning window: 3f3234ff-d9e4-4f32-8435-c789f4c8c160
[15:42:38] Closed window: 70380625-82e3-4d51-bea7-f12512803809
[15:42:38] Closed window: 3f3234ff-d9e4-4f32-8435-c789f4c8c160
[15:42:38] Spawning window: 939e8499-9328-4700-a672-82849846e4f6
[15:42:38] Spawning window: a9416629-825a-4e17-840c-458ab68d25de
[15:42:39] Closed window: a9416629-825a-4e17-840c-458ab68d25de
[15:42:39] Spawning window: 394b023e-a551-4ca9-9bb6-a33eb93d8c2a
[15:42:39] Closed window: 394b023e-a551-4ca9-9bb6-a33eb93d8c2a
[15:42:39] Spawning window: e8ea3710-aa7b-456a-8d6e-868e8065264c
[15:42:40] Closed window: e8ea3710-aa7b-456a-8d6e-868e8065264c
[15:42:40] Spawning window: d8fae2dd-3b5c-4bc2-a4d2-98d8767f1aee
[15:42:40] Closed window: d8fae2dd-3b5c-4bc2-a4d2-98d8767f1aee
[15:42:40] Spawning window: f973c08b-10ac-4ad2-9c13-97f890be69e8
[15:42:40] Closed window: 939e8499-9328-4700-a672-82849846e4f6
[15:42:40] Closed window: f973c08b-10ac-4ad2-9c13-97f890be69e8
[15:42:41] Spawning window: 939e8499-9328-4700-a672-82849846e4f6
[15:42:41] Spawning window: f973c08b-10ac-4ad2-9c13-97f890be69e8
[15:42:41] Closed window: f973c08b-10ac-4ad2-9c13-97f890be69e8
[15:42:41] Spawning window: 58085cec-99f5-46e2-8c95-ef9cc1e2378e
[15:42:41] Closed window: 939e8499-9328-4700-a672-82849846e4f6
[15:42:41] Closed window: 58085cec-99f5-46e2-8c95-ef9cc1e2378e
[15:42:41] Spawning window: f2734403-f068-46c7-96ed-293a6058698e
[15:42:42] Spawning window: 99f41f0b-ba2d-4117-bc72-ba89b54ed55c
[15:42:42] Closed window: 99f41f0b-ba2d-4117-bc72-ba89b54ed55c
[15:42:42] Spawning window: 6f2c7607-c8ec-4bda-8735-cb5df05802d8
[15:42:42] Closed window: f2734403-f068-46c7-96ed-293a6058698e
[15:42:42] Closed window: 6f2c7607-c8ec-4bda-8735-cb5df05802d8
[15:42:42] Spawning window: d74a37ce-6a28-4c3a-8036-e05036c9fe14
[15:42:42] Closed window: d74a37ce-6a28-4c3a-8036-e05036c9fe14
[15:55:58] Spawning window: a00db47c-0347-45ba-a656-14608a7c817e
[15:55:58] Spawning window: 5ffc49ac-0598-4833-9e8a-dc8017fefacd
[15:56:00] Closed window: a00db47c-0347-45ba-a656-14608a7c817e
[15:56:00] Closed window: 5ffc49ac-0598-4833-9e8a-dc8017fefacd
[15:56:01] Spawning window: 93405472-a7ad-4e95-9ffb-d07724ab988b
[15:56:01] Spawning window: 2346c2a6-6628-4bf3-b21d-310d0cf76c7f
[15:56:02] Closed window: 93405472-a7ad-4e95-9ffb-d07724ab988b
[15:56:02] Closed window: 2346c2a6-6628-4bf3-b21d-310d0cf76c7f
[15:56:03] Spawning window: 189da26a-b11e-454b-b607-7b78e7edc61d
[15:56:03] Spawning window: be12d29e-a71b-4b26-88ca-ee621a85eb8b
[15:56:04] Closed window: 189da26a-b11e-454b-b607-7b78e7edc61d
[15:56:04] Closed window: be12d29e-a71b-4b26-88ca-ee621a85eb8b
[15:57:18] Warning: Game window not detected.
[15:57:29] Spawning window: db4e9f8b-4a1c-49ff-a7d8-3c29aff25f86
[15:57:31] Closed window: db4e9f8b-4a1c-49ff-a7d8-3c29aff25f86
[15:57:31] Spawning window: 1ff94d0b-ff27-4249-ba47-367594fd5f94
[15:57:33] Closed window: 1ff94d0b-ff27-4249-ba47-367594fd5f94
[15:57:33] Spawning window: 73cf5522-b11e-4b28-b3a0-282a4425b9a3
[15:57:33] Closed window: 73cf5522-b11e-4b28-b3a0-282a4425b9a3
[15:57:33] Spawning window: dc542257-6895-40b8-a7a1-c2a58daf1d9b
[15:57:34] Spawning window: 0f2fdf4a-bbe9-4fe8-b4d7-d060be02a591
[15:57:35] Closed window: 0f2fdf4a-bbe9-4fe8-b4d7-d060be02a591
[15:57:35] Closed window: dc542257-6895-40b8-a7a1-c2a58daf1d9b
[15:57:35] Spawning window: 4035b698-8e26-43a7-924d-560f06c39d7f
[15:57:36] Closed window: 4035b698-8e26-43a7-924d-560f06c39d7f
[15:57:36] Spawning window: 28dbaf2e-88f0-4095-9402-18093b179797
[15:57:37] Closed window: 28dbaf2e-88f0-4095-9402-18093b179797
[15:57:37] Spawning window: 8577a4b4-e105-4996-af0e-f0acb225b124
[15:57:38] Closed window: 8577a4b4-e105-4996-af0e-f0acb225b124
[15:57:38] Spawning window: 41aee768-8364-4964-916c-1c194723ac28
[15:57:39] Closed window: 41aee768-8364-4964-916c-1c194723ac28
[15:57:39] Spawning window: b8bdda6a-c2ed-432f-af73-0c6622ab5f72
[15:57:40] Closed window: b8bdda6a-c2ed-432f-af73-0c6622ab5f72
[15:57:40] Spawning window: b0909e40-7124-4aa3-8c54-bd98a85777cd
[15:57:41] Spawning window: 1ef5d6fd-6127-4b31-843c-eb8c533323e0
[15:57:42] Spawning window: 5498bdc2-a8cd-4c46-959a-190e48d50c67
[15:57:43] Closed window: b0909e40-7124-4aa3-8c54-bd98a85777cd
[15:57:43] Closed window: 1ef5d6fd-6127-4b31-843c-eb8c533323e0
[15:57:43] Closed window: 5498bdc2-a8cd-4c46-959a-190e48d50c67
[15:58:14] Spawning window: 9f850d6d-29d0-4acc-9985-1b472d59894b
[15:58:15] Spawning window: 1b118a1c-f733-4085-92de-bdf5a8406c0b
[15:58:15] Spawning window: 0b67dbc9-6e21-4527-90b2-7d5c0aa67dcd
[15:58:16] Closed window: 1b118a1c-f733-4085-92de-bdf5a8406c0b
[15:58:16] Closed window: 0b67dbc9-6e21-4527-90b2-7d5c0aa67dcd
[15:58:16] Spawning window: 05167117-3ab4-4f3a-9f80-8b1f65b4b1e3
[15:58:16] Closed window: 05167117-3ab4-4f3a-9f80-8b1f65b4b1e3
[15:58:16] Closed window: 9f850d6d-29d0-4acc-9985-1b472d59894b
[15:58:16] Spawning window: b16ae0ef-66b0-4c2c-80b3-383d2a33308b
[15:58:18] Closed window: b16ae0ef-66b0-4c2c-80b3-383d2a33308b
[15:58:18] Spawning window: d4f780e6-ea4f-4680-ab57-c5ee60b6c854
[15:58:19] Closed window: d4f780e6-ea4f-4680-ab57-c5ee60b6c854
[15:58:19] Spawning window: 26c281b9-9765-44b0-bb2a-a8b4b8c22c78
[16:00:31] Spawning window: d3c5d9e4-0a74-4610-847f-cdf4dca5741d
[16:00:32] Spawning window: b34c1d9f-cbcc-484f-977c-325f329a2b43
[16:00:32] Spawning window: 845e7311-267f-4b63-a778-d7560cf79f31
[16:00:34] Closed window: 845e7311-267f-4b63-a778-d7560cf79f31
[16:00:34] Closed window: b34c1d9f-cbcc-484f-977c-325f329a2b43
[16:00:34] Closed window: d3c5d9e4-0a74-4610-847f-cdf4dca5741d
[16:00:35] Spawning window: 86d59755-d207-4a12-a616-c8315090aeb9
[16:00:35] Spawning window: c85135e7-b53b-41e0-9d92-ff7c319caee8
[16:00:35] Spawning window: 46de8150-3793-4883-8ca2-5b36bf5b0993
[16:00:36] Closed window: 46de8150-3793-4883-8ca2-5b36bf5b0993
[16:00:36] Closed window: c85135e7-b53b-41e0-9d92-ff7c319caee8
[16:00:36] Closed window: 86d59755-d207-4a12-a616-c8315090aeb9
[16:00:36] Spawning window: f9ee5f72-f87e-4c6c-93f0-fe90f6487c9c
[16:00:36] Spawning window: 61fdeefd-816b-4be1-87ce-cdf3450fff0b
[16:00:36] Spawning window: 9faa4dc1-034e-4c73-ac81-a627b8a9b2c4
[16:00:37] Closed window: 9faa4dc1-034e-4c73-ac81-a627b8a9b2c4
[16:00:37] Closed window: 61fdeefd-816b-4be1-87ce-cdf3450fff0b
[16:00:37] Spawning window: 30f69eca-7d4f-4a9e-a8e7-31b85318543a
[16:00:37] Spawning window: 9a6f211c-e4d8-42cb-9d97-0517b072db5c
[16:00:38] Closed window: 9a6f211c-e4d8-42cb-9d97-0517b072db5c
[16:00:39] Spawning window: 40a0045b-e918-4a8b-a8b9-27af36df2eba
[16:01:21] Closed window: f9ee5f72-f87e-4c6c-93f0-fe90f6487c9c
[16:01:21] Closed window: 30f69eca-7d4f-4a9e-a8e7-31b85318543a
[16:01:22] Closed window: 40a0045b-e918-4a8b-a8b9-27af36df2eba
[16:01:26] Warning: Game window not detected.
[16:01:29] Warning: Game window not detected.
[16:01:32] Warning: Game window not detected.
[16:01:35] Warning: Game window not detected.
[16:01:38] Warning: Game window not detected.
[16:01:41] Warning: Game window not detected.
[16:01:44] Warning: Game window not detected.
[16:01:47] Warning: Game window not detected.
[16:01:50] Warning: Game window not detected.
[16:01:53] Warning: Game window not detected.
[16:01:56] Warning: Game window not detected.
[16:01:59] Warning: Game window not detected.
[16:02:02] Warning: Game window not detected.
[16:02:05] Warning: Game window not detected.
[16:02:08] Warning: Game window not detected.
[16:02:11] Warning: Game window not detected.
[16:02:14] Warning: Game window not detected.
[16:02:17] Warning: Game window not detected.
[16:02:20] Warning: Game window not detected.
[16:02:23] Warning: Game window not detected.
[16:02:26] Warning: Game window not detected.
[16:02:29] Warning: Game window not detected.
[16:02:32] Warning: Game window not detected.
[16:02:35] Warning: Game window not detected.
[16:02:38] Warning: Game window not detected.
[16:02:41] Warning: Game window not detected.
[16:02:44] Warning: Game window not detected.
[16:02:47] Warning: Game window not detected.
[16:02:50] Warning: Game window not detected.
[16:02:53] Warning: Game window not detected.
[16:02:56] Warning: Game window not detected.
[16:02:59] Warning: Game window not detected.
[16:03:02] Warning: Game window not detected.
[16:03:05] Warning: Game window not detected.
[16:03:08] Warning: Game window not detected.
[16:03:11] Warning: Game window not detected.
[16:03:14] Warning: Game window not detected.
[16:03:17] Warning: Game window not detected.
[16:03:20] Warning: Game window not detected.
[16:03:23] Warning: Game window not detected.
[16:03:26] Warning: Game window not detected.
[16:03:29] Warning: Game window not detected.
[16:03:32] Warning: Game window not detected.
[16:03:35] Warning: Game window not detected.
[16:03:38] Warning: Game window not detected.
[16:03:41] Warning: Game window not detected.
[16:03:44] Warning: Game window not detected.
[16:03:47] Warning: Game window not detected.
[16:03:50] Warning: Game window not detected.
[16:03:53] Warning: Game window not detected.
[16:03:56] Warning: Game window not detected.
[16:03:59] Warning: Game window not detected.
[16:04:02] Warning: Game window not detected.
[16:04:05] Warning: Game window not detected.
[16:04:08] Warning: Game window not detected.
[16:04:11] Warning: Game window not detected.
[16:04:14] Warning: Game window not detected.
[16:04:17] Warning: Game window not detected.
[16:04:20] Warning: Game window not detected.
[16:04:23] Warning: Game window not detected.
[16:04:26] Warning: Game window not detected.
[16:04:29] Warning: Game window not detected.
[16:04:32] Warning: Game window not detected.
[16:04:35] Warning: Game window not detected.
[16:04:38] Warning: Game window not detected.
[16:04:41] Warning: Game window not detected.
[16:04:44] Warning: Game window not detected.
[16:04:47] Warning: Game window not detected.
[16:04:50] Warning: Game window not detected.
[16:04:53] Warning: Game window not detected.
[16:04:56] Warning: Game window not detected.
[16:04:59] Warning: Game window not detected.
[16:05:02] Warning: Game window not detected.
[16:05:05] Warning: Game window not detected.
[16:05:08] Warning: Game window not detected.
[16:05:11] Warning: Game window not detected.
[16:05:14] Warning: Game window not detected.
[16:05:17] Warning: Game window not detected.
[16:05:20] Warning: Game window not detected.
[16:05:23] Warning: Game window not detected.
[16:05:26] Warning: Game window not detected.
[16:05:29] Warning: Game window not detected.
[16:05:32] Warning: Game window not detected.
[16:05:35] Warning: Game window not detected.
[16:05:38] Warning: Game window not detected.
[16:05:41] Warning: Game window not detected.
[16:05:44] Warning: Game window not detected.
[16:05:47] Warning: Game window not detected.
[16:05:50] Warning: Game window not detected.
[16:05:53] Warning: Game window not detected.
[16:05:56] Warning: Game window not detected.
[16:05:59] Warning: Game window not detected.
[16:06:02] Warning: Game window not detected.
[16:06:05] Warning: Game window not detected.
[16:06:08] Warning: Game window not detected.
[16:06:11] Warning: Game window not detected.
[16:06:14] Warning: Game window not detected.
[16:06:17] Warning: Game window not detected.
[16:06:20] Warning: Game window not detected.
[16:06:23] Warning: Game window not detected.
[16:06:26] Warning: Game window not detected.
[16:06:29] Warning: Game window not detected.
[16:06:32] Warning: Game window not detected.
[16:06:35] Warning: Game window not detected.
[16:06:38] Warning: Game window not detected.
[16:06:41] Warning: Game window not detected.
[16:06:44] Warning: Game window not detected.
[16:06:47] Warning: Game window not detected.
[16:06:50] Warning: Game window not detected.
[16:06:53] Warning: Game window not detected.
[16:06:56] Warning: Game window not detected.
[16:06:59] Warning: Game window not detected.
[16:07:02] Warning: Game window not detected.
[16:07:05] Warning: Game window not detected.
[16:07:08] Warning: Game window not detected.
[16:07:11] Warning: Game window not detected.
[16:07:14] Warning: Game window not detected.
[16:07:17] Warning: Game window not detected.
[16:07:20] Warning: Game window not detected.
[16:07:23] Warning: Game window not detected.
[16:07:26] Warning: Game window not detected.
[16:07:29] Warning: Game window not detected.
[16:07:32] Warning: Game window not detected.
[16:07:35] Warning: Game window not detected.
[16:07:38] Warning: Game window not detected.
[16:07:41] Warning: Game window not detected.
[16:07:44] Warning: Game window not detected.
[16:07:47] Warning: Game window not detected.
[16:07:50] Warning: Game window not detected.
[16:07:53] Warning: Game window not detected.
[16:07:56] Warning: Game window not detected.
[16:07:59] Warning: Game window not detected.
[16:08:02] Warning: Game window not detected.
[16:08:05] Warning: Game window not detected.
[16:08:08] Warning: Game window not detected.
[16:08:11] Warning: Game window not detected.
[16:08:14] Warning: Game window not detected.
[16:08:17] Warning: Game window not detected.
[16:08:20] Warning: Game window not detected.
[16:08:23] Warning: Game window not detected.
[16:08:26] Warning: Game window not detected.
[16:08:29] Warning: Game window not detected.
[16:08:32] Warning: Game window not detected.
[16:08:35] Warning: Game window not detected.
[16:08:38] Warning: Game window not detected.
[16:08:41] Warning: Game window not detected.
[16:08:44] Warning: Game window not detected.
[16:08:47] Warning: Game window not detected.
[16:08:50] Warning: Game window not detected.
[16:08:53] Warning: Game window not detected.
[16:08:56] Warning: Game window not detected.
[16:08:59] Warning: Game window not detected.
[16:09:02] Warning: Game window not detected.
[16:09:05] Warning: Game window not detected.
[16:09:09] Spawning window: b423baa9-cca0-41c9-a59d-4746ec45ac45
[16:09:10] Spawning window: 015e6b51-fb60-4b2b-83fd-1b914e4bee24
[16:09:11] Closed window: 015e6b51-fb60-4b2b-83fd-1b914e4bee24
[16:09:11] Closed window: b423baa9-cca0-41c9-a59d-4746ec45ac45
[16:09:12] Spawning window: 55c12d19-4f3e-4e8f-9064-0a98dd8e52d7
[16:09:12] Spawning window: cc9511ba-968d-43f9-a973-1a8173d76ffa
[16:09:13] Spawning window: 8e738802-ac0b-49da-a7cb-8f7f4b6a96b7
[16:09:13] Closed window: 8e738802-ac0b-49da-a7cb-8f7f4b6a96b7
[16:09:13] Closed window: cc9511ba-968d-43f9-a973-1a8173d76ffa
[16:09:13] Closed window: 55c12d19-4f3e-4e8f-9064-0a98dd8e52d7
[16:09:14] Spawning window: 5a44e7a7-77b8-4e79-a753-f8c175d518fe
[16:09:14] Spawning window: 4b332c82-a5a9-4d54-9e62-2f43e72f5fe6
[16:09:14] Spawning window: fa44020c-fcba-4cfd-9e2f-855bcc45ecc2
[16:09:15] Closed window: 5a44e7a7-77b8-4e79-a753-f8c175d518fe
[16:09:15] Closed window: 4b332c82-a5a9-4d54-9e62-2f43e72f5fe6
[16:09:16] Closed window: fa44020c-fcba-4cfd-9e2f-855bcc45ecc2
[16:09:17] Spawning window: 221b1f27-6583-4c79-9fbd-1a90ba521d74
[16:09:17] Spawning window: 59cb4f0b-75ba-4df0-b845-e65a986ad97f
[16:09:17] Spawning window: 6d5cb11e-62d8-41d9-9a2e-b79ddabd8096
[16:10:42] Closed window: 6d5cb11e-62d8-41d9-9a2e-b79ddabd8096
[16:10:42] Closed window: 59cb4f0b-75ba-4df0-b845-e65a986ad97f
[16:10:42] Closed window: 221b1f27-6583-4c79-9fbd-1a90ba521d74
[16:10:44] Warning: Game window not detected.
[16:10:47] Warning: Game window not detected.
[16:10:50] Warning: Game window not detected.
[16:10:53] Warning: Game window not detected.
[16:10:56] Warning: Game window not detected.
[16:10:59] Warning: Game window not detected.
[16:11:02] Warning: Game window not detected.
[16:11:27] Warning: Game window not detected.
[16:11:30] Warning: Game window not detected.
[16:11:33] Warning: Game window not detected.
[16:11:36] Warning: Game window not detected.
[16:11:39] Warning: Game window not detected.
[16:11:42] Warning: Game window not detected.
[16:11:45] Spawning window: f5d9e8f3-4225-40ac-80dc-18324c45c0b8
[16:11:46] Closed window: f5d9e8f3-4225-40ac-80dc-18324c45c0b8
[16:11:47] Spawning window: 10a77bee-bf2b-4840-93a5-ff23afb11e68
[16:11:47] Closed window: 10a77bee-bf2b-4840-93a5-ff23afb11e68
[16:11:48] Spawning window: 0ea56c74-f446-450d-b733-2c8586b87a73
[16:11:49] Closed window: 0ea56c74-f446-450d-b733-2c8586b87a73
[16:11:49] Spawning window: 7c740b33-1565-4aca-877e-824fb04cefd8
[16:11:49] Closed window: 7c740b33-1565-4aca-877e-824fb04cefd8
[16:11:50] Spawning window: 1dba8bc6-9c05-42e3-bed7-f9dc560f0ecc
[16:11:50] Closed window: 1dba8bc6-9c05-42e3-bed7-f9dc560f0ecc
[16:11:50] Spawning window: 58218b33-d2bc-4373-ac42-37bd91780fc2
[16:11:51] Spawning window: ec9cd667-b934-4f2e-9a12-b14b3b090a72
[16:11:52] Closed window: ec9cd667-b934-4f2e-9a12-b14b3b090a72
[16:11:52] Closed window: 58218b33-d2bc-4373-ac42-37bd91780fc2
[16:11:52] Spawning window: 431adc9d-20a6-4e07-b94a-8bd3f7b95266
[16:11:53] Closed window: 431adc9d-20a6-4e07-b94a-8bd3f7b95266
[16:11:53] Spawning window: b9cb4684-ff90-4073-b26c-f5b2ea0cc68b
[16:11:54] Spawning window: eec715cd-75c3-4c77-89d8-21166402a185
[16:11:55] Spawning window: 8c0ad387-c79f-4613-b91e-517ba3c800c6
[16:11:57] Closed window: 8c0ad387-c79f-4613-b91e-517ba3c800c6
[16:11:57] Closed window: eec715cd-75c3-4c77-89d8-21166402a185
[16:11:58] Spawning window: d65b2a03-76f2-498a-917d-6aa8cebd2d0f
[16:11:58] Spawning window: ba122556-b696-421f-9dd7-e275dc5af6e8
[16:11:59] Closed window: b9cb4684-ff90-4073-b26c-f5b2ea0cc68b
[16:11:59] Closed window: d65b2a03-76f2-498a-917d-6aa8cebd2d0f
[16:11:59] Closed window: ba122556-b696-421f-9dd7-e275dc5af6e8
[16:12:01] Spawning window: 2035e0bc-ed9d-456d-873d-b79afdda0cd3
[16:12:01] Spawning window: f1e1148f-cca3-4550-a165-8cb4394418bd
[16:12:01] Spawning window: 64ad202d-0b5f-4508-a7f6-1def37842db1
[16:15:46] Closed window: 64ad202d-0b5f-4508-a7f6-1def37842db1
[16:15:46] Closed window: f1e1148f-cca3-4550-a165-8cb4394418bd
[16:15:46] Closed window: 2035e0bc-ed9d-456d-873d-b79afdda0cd3
[16:15:46] Spawning window: 98122646-33f9-484a-bcaf-502656e5eb22
[16:15:47] Spawning window: 5841e20a-098d-46f3-b602-ae7b9688cb48
[16:15:47] Spawning window: d5153cb4-7fe8-4aa4-97b4-78921644a136
[16:15:47] Closed window: d5153cb4-7fe8-4aa4-97b4-78921644a136
[16:15:47] Closed window: 5841e20a-098d-46f3-b602-ae7b9688cb48
[16:15:47] Closed window: 98122646-33f9-484a-bcaf-502656e5eb22
[16:15:48] Spawning window: 1c7f75ef-4820-418e-9a26-0f5bb5a65dea
[16:15:48] Spawning window: ce77e66d-4d05-4df1-809a-cc231d5772c8
[16:15:48] Spawning window: 8afab067-ba41-4684-9bb2-42e12127ebc9
[16:15:48] Closed window: 8afab067-ba41-4684-9bb2-42e12127ebc9
[16:15:48] Closed window: ce77e66d-4d05-4df1-809a-cc231d5772c8
[16:15:48] Closed window: 1c7f75ef-4820-418e-9a26-0f5bb5a65dea
[16:15:48] Spawning window: 1fe55e69-b61f-467d-86a3-808684e1e421
[16:15:49] Spawning window: dc36598c-4d7c-4e57-86f9-a656167e17f9
[16:15:49] Closed window: dc36598c-4d7c-4e57-86f9-a656167e17f9
[16:15:49] Closed window: 1fe55e69-b61f-467d-86a3-808684e1e421
[16:16:39] Warning: Game window not detected.
[16:16:42] Warning: Game window not detected.
[16:16:45] Warning: Game window not detected.
[16:16:48] Warning: Game window not detected.
[16:16:51] Warning: Game window not detected.
[16:16:54] Warning: Game window not detected.
[16:16:57] Warning: Game window not detected.
[16:17:00] Warning: Game window not detected.
[16:17:03] Warning: Game window not detected.
[16:17:06] Warning: Game window not detected.
[16:17:09] Warning: Game window not detected.
[16:17:12] Warning: Game window not detected.
[16:17:15] Warning: Game window not detected.
[16:17:18] Warning: Game window not detected.
[16:17:21] Warning: Game window not detected.
[16:17:24] Warning: Game window not detected.
[16:17:27] Warning: Game window not detected.
[16:17:30] Warning: Game window not detected.
[16:17:33] Warning: Game window not detected.
[16:17:36] Warning: Game window not detected.
[16:17:39] Warning: Game window not detected.
[16:17:42] Warning: Game window not detected.
[16:17:45] Warning: Game window not detected.
[16:17:48] Warning: Game window not detected.
[16:17:51] Warning: Game window not detected.
[16:17:54] Warning: Game window not detected.
[16:17:57] Warning: Game window not detected.
[16:18:00] Warning: Game window not detected.
[16:18:03] Warning: Game window not detected.
[16:18:06] Warning: Game window not detected.
[16:18:09] Warning: Game window not detected.
[16:18:12] Warning: Game window not detected.
[16:18:15] Warning: Game window not detected.
[16:18:18] Warning: Game window not detected.
[16:18:21] Warning: Game window not detected.
[16:18:24] Warning: Game window not detected.
[16:18:27] Warning: Game window not detected.
[16:18:30] Warning: Game window not detected.
[16:18:33] Warning: Game window not detected.
[16:18:36] Warning: Game window not detected.
[16:18:39] Warning: Game window not detected.
[16:18:42] Warning: Game window not detected.
[16:18:45] Warning: Game window not detected.
[16:18:48] Warning: Game window not detected.
[16:18:51] Warning: Game window not detected.
[16:18:54] Warning: Game window not detected.
[16:18:57] Warning: Game window not detected.
[16:19:00] Warning: Game window not detected.
[16:19:03] Warning: Game window not detected.
[16:19:06] Warning: Game window not detected.
[16:19:09] Warning: Game window not detected.
[16:19:12] Warning: Game window not detected.
[16:19:15] Warning: Game window not detected.
[16:19:18] Warning: Game window not detected.
[16:19:21] Warning: Game window not detected.
[16:19:24] Warning: Game window not detected.
[16:19:27] Warning: Game window not detected.
[16:19:30] Warning: Game window not detected.
[16:19:33] Warning: Game window not detected.
[16:19:36] Warning: Game window not detected.
[16:19:39] Warning: Game window not detected.
[16:19:42] Warning: Game window not detected.
[16:19:45] Warning: Game window not detected.
[16:19:48] Warning: Game window not detected.
[16:19:51] Warning: Game window not detected.
[16:19:54] Warning: Game window not detected.
[16:19:57] Warning: Game window not detected.
[16:20:00] Warning: Game window not detected.
[16:20:03] Warning: Game window not detected.
[16:20:06] Warning: Game window not detected.
[16:20:09] Warning: Game window not detected.
[16:20:12] Warning: Game window not detected.
[16:20:15] Warning: Game window not detected.
[16:20:18] Warning: Game window not detected.
[16:20:21] Warning: Game window not detected.
[16:20:24] Warning: Game window not detected.
[16:20:27] Warning: Game window not detected.
[16:20:30] Warning: Game window not detected.
[16:20:33] Warning: Game window not detected.
[16:20:36] Warning: Game window not detected.
[16:20:39] Warning: Game window not detected.
[16:20:42] Warning: Game window not detected.
[16:20:45] Warning: Game window not detected.
[16:20:48] Warning: Game window not detected.
[16:20:51] Warning: Game window not detected.
[16:20:54] Warning: Game window not detected.
[16:20:57] Warning: Game window not detected.
[16:21:00] Warning: Game window not detected.
[16:21:03] Warning: Game window not detected.
[16:21:06] Warning: Game window not detected.
[16:21:09] Warning: Game window not detected.
[16:21:12] Warning: Game window not detected.
[16:21:15] Warning: Game window not detected.
[16:21:18] Warning: Game window not detected.
[16:21:21] Warning: Game window not detected.
[16:21:24] Warning: Game window not detected.
[16:21:27] Warning: Game window not detected.
[16:21:30] Warning: Game window not detected.
[16:21:33] Warning: Game window not detected.
[16:21:36] Warning: Game window not detected.
[16:21:39] Warning: Game window not detected.
[16:21:42] Warning: Game window not detected.
[16:21:45] Warning: Game window not detected.
[16:21:48] Warning: Game window not detected.
[16:21:51] Warning: Game window not detected.
[16:21:54] Warning: Game window not detected.
[16:21:57] Warning: Game window not detected.
[16:22:00] Warning: Game window not detected.
[16:22:03] Warning: Game window not detected.
[16:22:06] Warning: Game window not detected.
[16:22:17] Spawning window: 68fccfa0-df03-442c-8986-ba311b86b0b9
[16:22:18] Spawning window: 025386f3-93ff-43e7-bb5a-d08d84f43413
[16:22:19] Closed window: 025386f3-93ff-43e7-bb5a-d08d84f43413
[16:22:19] Closed window: 68fccfa0-df03-442c-8986-ba311b86b0b9
[16:22:20] Spawning window: e2ce818e-5e15-4fb3-9a1f-2b3c60084616
[16:22:21] Spawning window: 30d3fd39-5fdd-4643-894d-49b6a950bbf6
[16:22:22] Closed window: e2ce818e-5e15-4fb3-9a1f-2b3c60084616
[16:22:22] Closed window: 30d3fd39-5fdd-4643-894d-49b6a950bbf6
[16:22:24] Spawning window: 8a6e2f86-e29f-43b3-893c-85606c14c058
[16:22:24] Spawning window: 99242fec-edcc-412c-bd0b-833d45aa1f04
[16:22:34] Closed window: 99242fec-edcc-412c-bd0b-833d45aa1f04
[16:22:34] Spawning window: e2cfc808-626b-40b5-bad7-fed4210031c2
[16:22:37] Closed window: 8a6e2f86-e29f-43b3-893c-85606c14c058
[16:22:37] Closed window: e2cfc808-626b-40b5-bad7-fed4210031c2
[16:24:27] Warning: Game window not detected.
[16:24:30] Warning: Game window not detected.
[16:24:33] Warning: Game window not detected.
[16:24:36] Warning: Game window not detected.
[16:24:39] Warning: Game window not detected.
[16:24:42] Warning: Game window not detected.
[16:24:45] Warning: Game window not detected.
[16:24:47] Spawning window: ea01b9c4-6b4d-4b55-9c00-b9af04267c11
[16:24:47] Spawning window: 7dc59953-1d0d-4a60-86dc-c4d17ae24def
[16:24:51] Closed window: 7dc59953-1d0d-4a60-86dc-c4d17ae24def
[16:24:51] Spawning window: 37562e98-21a4-4f49-8568-cf506673021d
[16:24:52] Closed window: ea01b9c4-6b4d-4b55-9c00-b9af04267c11
[16:24:52] Closed window: 37562e98-21a4-4f49-8568-cf506673021d
[16:24:54] Spawning window: b4b17a1c-8179-4cc1-8250-cddd5ec2753a
[16:24:54] Spawning window: 4eb0254f-5be3-4fa8-b348-238a235513d0
[16:27:57] Warning: Game window not detected.
[16:28:04] Warning: Game window not detected.
[16:28:07] Warning: Game window not detected.
[16:28:11] Spawning window: 9b10016f-e21e-4318-a295-94797050aec4
[16:28:12] Spawning window: 159f072d-75e0-4cb3-b494-6f851905cad0
[16:28:13] Closed window: 159f072d-75e0-4cb3-b494-6f851905cad0
[16:28:13] Closed window: 9b10016f-e21e-4318-a295-94797050aec4
[16:28:14] Spawning window: 1942f1f4-05f9-497b-87e1-5ee796e35bf5
[16:28:14] Spawning window: d40c6ed5-3e6f-4724-a84e-2e7f5dcee6c2
[16:28:14] Spawning window: be81bb60-b64d-4d4f-8b03-8ad55274af83
[16:28:15] Closed window: be81bb60-b64d-4d4f-8b03-8ad55274af83
[16:28:15] Spawning window: be81bb60-b64d-4d4f-8b03-8ad55274af83
[16:28:15] Closed window: be81bb60-b64d-4d4f-8b03-8ad55274af83
[16:28:15] Closed window: d40c6ed5-3e6f-4724-a84e-2e7f5dcee6c2
[16:28:15] Closed window: 1942f1f4-05f9-497b-87e1-5ee796e35bf5
[16:28:15] Spawning window: 4af18231-ac83-400d-b351-61e0a16e7636
[16:28:15] Spawning window: 51662b9c-2607-4e8b-9c3b-05cec7b231d9
[16:28:16] Spawning window: 596393dd-bdbd-451a-8b04-7258028b0c01
[16:28:16] Closed window: 596393dd-bdbd-451a-8b04-7258028b0c01
[16:28:18] Spawning window: 596393dd-bdbd-451a-8b04-7258028b0c01
[16:28:18] Closed window: 596393dd-bdbd-451a-8b04-7258028b0c01
[16:28:18] Closed window: 51662b9c-2607-4e8b-9c3b-05cec7b231d9
[16:28:18] Spawning window: fffbfd11-4653-4236-8095-8dee5cfba5e1
[16:28:18] Spawning window: 03637d46-463f-4919-942a-1de08c230556
[16:28:19] Closed window: 03637d46-463f-4919-942a-1de08c230556
[16:28:19] Spawning window: 03637d46-463f-4919-942a-1de08c230556
[16:28:20] Closed window: 03637d46-463f-4919-942a-1de08c230556
[16:28:21] Spawning window: 05f09377-452a-44dd-a7bb-4fcacc0cdce6
[16:28:22] Closed window: 05f09377-452a-44dd-a7bb-4fcacc0cdce6
[16:28:22] Spawning window: 05f09377-452a-44dd-a7bb-4fcacc0cdce6
[16:28:22] Closed window: fffbfd11-4653-4236-8095-8dee5cfba5e1
[16:28:22] Closed window: 05f09377-452a-44dd-a7bb-4fcacc0cdce6
[16:28:22] Spawning window: cb2cfd49-5e69-476b-ac53-0a9b29c20270
[16:28:22] Closed window: cb2cfd49-5e69-476b-ac53-0a9b29c20270
[16:28:23] Spawning window: 6dd1ebaf-760b-46b1-8196-3b540e7aa9f8
[16:28:23] Spawning window: ae7a4c40-35ea-4b3f-b96f-6722623a7b93
[16:28:23] Closed window: ae7a4c40-35ea-4b3f-b96f-6722623a7b93
[16:28:24] Closed window: 4af18231-ac83-400d-b351-61e0a16e7636
[16:28:24] Closed window: 6dd1ebaf-760b-46b1-8196-3b540e7aa9f8
[16:28:27] Spawning window: 0d15aa9f-9ddc-45c8-aaeb-87e4c0aac692
[16:28:27] Spawning window: e6c67852-939e-4fa1-994a-207139c34a16
[16:28:27] Spawning window: 6a009caf-1631-42c6-b665-0345830a5e3c
[16:28:27] Closed window: 6a009caf-1631-42c6-b665-0345830a5e3c
[16:28:27] Closed window: 0d15aa9f-9ddc-45c8-aaeb-87e4c0aac692
[16:28:27] Closed window: e6c67852-939e-4fa1-994a-207139c34a16
[16:28:30] Spawning window: 23244aac-dabd-49f5-940c-524a7890f141
[16:28:30] Spawning window: c9f097fb-5395-4d40-8d28-99d7b273e53d
[16:28:30] Spawning window: d41b7ccc-55b7-45cc-8e99-166485375b7c
[16:28:30] Closed window: d41b7ccc-55b7-45cc-8e99-166485375b7c
[16:28:30] Closed window: 23244aac-dabd-49f5-940c-524a7890f141
[16:28:30] Closed window: c9f097fb-5395-4d40-8d28-99d7b273e53d
[19:38:19] Spawning window: e9e811c2-de0d-4dcf-ab5c-3797a29990d8
[19:38:20] Spawning window: 5848d9fa-bb35-4e36-9272-8b8108e6ff7c
[19:38:21] Spawning window: c387ee4e-61ee-452f-90a2-921487ad746f
[19:38:25] Closed window: c387ee4e-61ee-452f-90a2-921487ad746f
[19:38:25] Closed window: 5848d9fa-bb35-4e36-9272-8b8108e6ff7c
[19:38:25] Closed window: e9e811c2-de0d-4dcf-ab5c-3797a29990d8
[19:38:27] Spawning window: aacc759a-cc81-4797-adc3-0c1436f1b2a4
[19:38:27] Spawning window: 3014f02e-cbb6-49e2-b0e0-382e297af5eb
[19:38:27] Spawning window: e3d950d6-52c0-485a-9efe-a41ed244a76a
[19:38:27] Closed window: e3d950d6-52c0-485a-9efe-a41ed244a76a
[19:38:28] Spawning window: e3d950d6-52c0-485a-9efe-a41ed244a76a
[19:38:28] Closed window: e3d950d6-52c0-485a-9efe-a41ed244a76a
[19:38:28] Closed window: 3014f02e-cbb6-49e2-b0e0-382e297af5eb
[19:38:28] Closed window: aacc759a-cc81-4797-adc3-0c1436f1b2a4
[19:39:09] Spawning window: f4fa6099-0a34-4eb3-becf-217ecf148930
[19:39:10] Spawning window: d352ef34-371a-463d-93f0-898a66aba910
[19:39:11] Spawning window: e1efdffd-2919-4be3-82bc-7971803afd3a
[19:39:11] Closed window: e1efdffd-2919-4be3-82bc-7971803afd3a
[19:39:11] Spawning window: e1efdffd-2919-4be3-82bc-7971803afd3a
[19:39:22] Spawning window: f4fa6099-0a34-4eb3-becf-217ecf148930
[19:39:22] Spawning window: d352ef34-371a-463d-93f0-898a66aba910
[19:39:22] Closed window: d352ef34-371a-463d-93f0-898a66aba910
[19:39:22] Closed window: f4fa6099-0a34-4eb3-becf-217ecf148930
[19:39:23] Spawning window: 643f154f-0f57-40f5-878a-010489509457
[19:39:23] Spawning window: ea4ded44-19d2-4472-8eff-3fda386202bd
[19:39:24] Spawning window: 590ba82d-08aa-4f6a-815e-d2c378cf9d2d
[19:39:24] Closed window: 590ba82d-08aa-4f6a-815e-d2c378cf9d2d
[19:39:24] Spawning window: 590ba82d-08aa-4f6a-815e-d2c378cf9d2d
[19:39:24] Closed window: 590ba82d-08aa-4f6a-815e-d2c378cf9d2d
[19:39:24] Closed window: ea4ded44-19d2-4472-8eff-3fda386202bd
[19:39:25] Closed window: 643f154f-0f57-40f5-878a-010489509457
[19:39:25] Spawning window: 621e6b47-511e-42ad-ac1f-d88cdd1bae69
[19:39:25] Spawning window: f54993fe-19a1-4aea-aba7-d303b870a5f3
[19:39:25] Spawning window: cf92fce5-2388-4338-b361-79475bd95851
[19:39:25] Closed window: cf92fce5-2388-4338-b361-79475bd95851
[19:39:25] Spawning window: cf92fce5-2388-4338-b361-79475bd95851
[19:39:25] Closed window: cf92fce5-2388-4338-b361-79475bd95851
[19:39:25] Closed window: f54993fe-19a1-4aea-aba7-d303b870a5f3
[19:39:25] Closed window: 621e6b47-511e-42ad-ac1f-d88cdd1bae69
[19:40:14] Spawning window: ea6d5cee-b522-40bd-acf8-0fa170682266
[19:40:14] Spawning window: 0f289674-725e-414f-8d17-f83cd8729229
[19:40:14] Spawning window: 3d9a61a8-22bf-4896-b1cc-16ac7beba7b3
[19:40:15] Closed window: 3d9a61a8-22bf-4896-b1cc-16ac7beba7b3
[19:40:15] Spawning window: 3d9a61a8-22bf-4896-b1cc-16ac7beba7b3
[19:40:15] Closed window: 3d9a61a8-22bf-4896-b1cc-16ac7beba7b3
[19:40:15] Closed window: 0f289674-725e-414f-8d17-f83cd8729229
[19:40:15] Closed window: ea6d5cee-b522-40bd-acf8-0fa170682266
[19:42:09] Spawning window: c7fd4058-438a-4236-873d-23e1d6a18463
[19:42:10] Spawning window: a0e54cb1-1f45-4ae6-b07c-712b6f222626
[19:42:10] Spawning window: 0ef214aa-d692-48ad-9610-ee0c55c85d75
[19:42:11] Closed window: 0ef214aa-d692-48ad-9610-ee0c55c85d75
[19:42:11] Closed window: a0e54cb1-1f45-4ae6-b07c-712b6f222626
[19:42:11] Closed window: c7fd4058-438a-4236-873d-23e1d6a18463
[19:42:11] Spawning window: a7f19aae-a59d-4f1a-8881-cc60d17bb718
[19:42:11] Spawning window: a11f57e5-f3b4-411b-a2f9-67f2e41a0913
[19:42:11] Spawning window: c921c3f0-dfbf-403c-8641-275dddf36d91
[19:42:11] Closed window: c921c3f0-dfbf-403c-8641-275dddf36d91
[19:42:11] Closed window: a11f57e5-f3b4-411b-a2f9-67f2e41a0913
[19:42:11] Closed window: a7f19aae-a59d-4f1a-8881-cc60d17bb718
[19:47:03] Spawning window: 34e8a83f-a4ea-4530-9e3d-dbf743b06280
[19:47:06] Warning: Game window not detected.
[19:47:14] Spawning window: 9678a4d7-be1c-48c8-a336-b5a8d03116af
[19:49:12] Spawning window: 9678a4d7-be1c-48c8-a336-b5a8d03116af
[19:49:12] Spawning window: 0a9eb5f5-966a-416e-8115-9b4c5a8ef829
[19:49:19] Spawning window: d83db706-53b4-4a56-b75f-e183b1e9acf1
[19:49:19] Spawning window: 429142fb-2730-427b-9fa0-99926af31a9c
[19:53:43] Spawning window: d83db706-53b4-4a56-b75f-e183b1e9acf1
[19:53:43] Spawning window: 429142fb-2730-427b-9fa0-99926af31a9c
[19:53:43] Closed window: d83db706-53b4-4a56-b75f-e183b1e9acf1
[19:53:43] Closed window: 429142fb-2730-427b-9fa0-99926af31a9c
[19:53:45] Spawning window: 703b436d-29bf-4f9c-81a6-d9ca0f6b718f
[19:53:46] Closed window: 703b436d-29bf-4f9c-81a6-d9ca0f6b718f
[19:53:47] Spawning window: d9794cc8-f119-42f8-9e1f-834458add329
[19:53:48] Closed window: d9794cc8-f119-42f8-9e1f-834458add329
[19:53:48] Spawning window: aa9a3378-3fd5-40c9-bcba-e9237f16e3d4
[19:53:50] Spawning window: c9975ece-3936-473f-8247-eb351b504176
[19:53:50] Spawning window: 5449bc78-7aee-41ed-a5fe-9de64acd2c99
[19:53:51] Closed window: 5449bc78-7aee-41ed-a5fe-9de64acd2c99
[19:53:52] Spawning window: 5449bc78-7aee-41ed-a5fe-9de64acd2c99
[19:53:52] Closed window: 5449bc78-7aee-41ed-a5fe-9de64acd2c99
[19:53:52] Closed window: c9975ece-3936-473f-8247-eb351b504176
[19:53:52] Closed window: aa9a3378-3fd5-40c9-bcba-e9237f16e3d4
[19:53:53] Spawning window: dde017a2-ac3c-46f6-b27a-749167b32968
[19:53:53] Spawning window: 0c374d91-6a38-4beb-ae6b-fda61fd57a0d
[19:53:53] Spawning window: 9ccc9064-c48f-4a36-8ebb-f2c801100be1
[19:53:53] Closed window: 9ccc9064-c48f-4a36-8ebb-f2c801100be1
[19:53:54] Spawning window: 9ccc9064-c48f-4a36-8ebb-f2c801100be1
[19:53:54] Closed window: 9ccc9064-c48f-4a36-8ebb-f2c801100be1
[19:53:54] Closed window: 0c374d91-6a38-4beb-ae6b-fda61fd57a0d
[19:53:55] Spawning window: 14ad714b-8dc7-4693-b195-dd9d9e78f6e1
[19:53:55] Spawning window: b99f9f90-d005-4f2d-ae9c-309087bf1cd7
[19:53:55] Closed window: b99f9f90-d005-4f2d-ae9c-309087bf1cd7
[19:53:56] Spawning window: b99f9f90-d005-4f2d-ae9c-309087bf1cd7
[19:53:56] Closed window: b99f9f90-d005-4f2d-ae9c-309087bf1cd7
[19:53:56] Closed window: 14ad714b-8dc7-4693-b195-dd9d9e78f6e1
[19:53:56] Closed window: dde017a2-ac3c-46f6-b27a-749167b32968
[19:53:56] Spawning window: ae73905d-60a3-40a7-be45-83bca9268baf
[19:53:57] Spawning window: b2811943-52fa-4d91-8e00-13bcdb62df8d
[19:53:57] Spawning window: 9869fbff-0f03-492e-9a75-d6dd2a956caf
[19:53:57] Closed window: 9869fbff-0f03-492e-9a75-d6dd2a956caf
[19:54:02] Closed window: ae73905d-60a3-40a7-be45-83bca9268baf
[19:54:02] Closed window: b2811943-52fa-4d91-8e00-13bcdb62df8d
[19:54:02] Spawning window: ae73905d-60a3-40a7-be45-83bca9268baf
[19:54:02] Spawning window: b2811943-52fa-4d91-8e00-13bcdb62df8d
[19:54:04] Spawning window: 9869fbff-0f03-492e-9a75-d6dd2a956caf
[19:54:05] Closed window: 9869fbff-0f03-492e-9a75-d6dd2a956caf
[19:54:05] Closed window: b2811943-52fa-4d91-8e00-13bcdb62df8d
[19:54:06] Spawning window: f1a44367-8e30-4b63-9d3c-ba9772897009
[19:54:06] Spawning window: 472f078c-825f-4d82-91e9-8dc122a202fd
[19:54:06] Closed window: 472f078c-825f-4d82-91e9-8dc122a202fd
[19:54:06] Closed window: ae73905d-60a3-40a7-be45-83bca9268baf
[19:54:06] Closed window: f1a44367-8e30-4b63-9d3c-ba9772897009
[19:54:06] Spawning window: ae73905d-60a3-40a7-be45-83bca9268baf
[19:54:06] Spawning window: f1a44367-8e30-4b63-9d3c-ba9772897009
[19:54:08] Spawning window: 472f078c-825f-4d82-91e9-8dc122a202fd
[19:54:08] Closed window: 472f078c-825f-4d82-91e9-8dc122a202fd
[19:54:42] Warning: Game window not detected.
[19:57:37] Spawning window: 2ef89164-931d-4f40-89e5-614063701fac
[19:57:38] Spawning window: b16b0397-b629-4a63-ae70-610045040e20
[19:57:39] Closed window: b16b0397-b629-4a63-ae70-610045040e20
[19:57:39] Spawning window: 29a96430-d79f-4bde-86f0-d8fd9930ee2e
[19:57:40] Spawning window: 3d3fe9f8-fefd-4a8d-8ae5-5369a4c06d43
[19:57:40] Closed window: 3d3fe9f8-fefd-4a8d-8ae5-5369a4c06d43
[19:57:41] Spawning window: 3d3fe9f8-fefd-4a8d-8ae5-5369a4c06d43
[19:57:41] Closed window: 3d3fe9f8-fefd-4a8d-8ae5-5369a4c06d43
[19:57:41] Closed window: 29a96430-d79f-4bde-86f0-d8fd9930ee2e
[19:57:41] Closed window: 2ef89164-931d-4f40-89e5-614063701fac
[19:57:43] Spawning window: 25457765-5a77-4f5d-935a-6819c9717f73
[19:59:21] Spawning window: 0d347b23-47bf-42ce-a3f1-39bb54e30ea4
[19:59:23] Spawning window: 6cad879e-777a-41ec-8140-5dd1cd4d62ec
[19:59:23] Spawning window: e2fec190-bc44-4c78-8239-017e430a087b
[19:59:24] Closed window: e2fec190-bc44-4c78-8239-017e430a087b
[19:59:24] Closed window: 6cad879e-777a-41ec-8140-5dd1cd4d62ec
[19:59:29] Spawning window: 288e6c97-9a14-422c-973a-69efd5ed12b2
[19:59:30] Spawning window: 059e147c-5c1e-4c35-a820-40e583a0c4a9
[19:59:30] Closed window: 059e147c-5c1e-4c35-a820-40e583a0c4a9
[20:01:26] Spawning window: e32cdaf3-7cbf-4552-a92e-26c1915a2caa
[20:01:26] Closed window: e32cdaf3-7cbf-4552-a92e-26c1915a2caa
[20:02:02] Warning: Game window not detected.
[20:02:05] Warning: Game window not detected.
[20:02:14] Spawning window: 898634ce-fe31-48f9-be09-5aa6f294f28a
[20:02:15] Spawning window: 8b333c2e-1840-4b5d-9d56-ca7e6d71953e
[20:02:15] Spawning window: 0f216f63-9b2c-4cfc-8680-ae6ec8da3e2c
[20:02:16] Closed window: 0f216f63-9b2c-4cfc-8680-ae6ec8da3e2c
[20:02:17] Closed window: 898634ce-fe31-48f9-be09-5aa6f294f28a
[20:02:17] Closed window: 8b333c2e-1840-4b5d-9d56-ca7e6d71953e
[20:02:19] Spawning window: 898634ce-fe31-48f9-be09-5aa6f294f28a
[20:02:19] Spawning window: 8b333c2e-1840-4b5d-9d56-ca7e6d71953e
[20:02:34] Closed window: 898634ce-fe31-48f9-be09-5aa6f294f28a
[20:02:34] Closed window: 8b333c2e-1840-4b5d-9d56-ca7e6d71953e
[20:02:39] Spawning window: 898634ce-fe31-48f9-be09-5aa6f294f28a
[20:02:39] Spawning window: 8b333c2e-1840-4b5d-9d56-ca7e6d71953e
[20:02:59] Closed window: 898634ce-fe31-48f9-be09-5aa6f294f28a
[20:02:59] Closed window: 8b333c2e-1840-4b5d-9d56-ca7e6d71953e
[20:02:59] Spawning window: 898634ce-fe31-48f9-be09-5aa6f294f28a
[20:02:59] Spawning window: 8b333c2e-1840-4b5d-9d56-ca7e6d71953e
[20:03:00] Spawning window: 0f216f63-9b2c-4cfc-8680-ae6ec8da3e2c
[20:03:00] Closed window: 0f216f63-9b2c-4cfc-8680-ae6ec8da3e2c
[20:03:05] Closed window: 898634ce-fe31-48f9-be09-5aa6f294f28a
[20:03:05] Closed window: 8b333c2e-1840-4b5d-9d56-ca7e6d71953e
[20:32:30] Warning: Game window not detected.
[20:32:33] Warning: Game window not detected.
[20:32:36] Warning: Game window not detected.
[20:32:39] Warning: Game window not detected.
[20:32:42] Warning: Game window not detected.
[20:32:45] Warning: Game window not detected.
[20:32:48] Warning: Game window not detected.
[20:32:51] Warning: Game window not detected.
[20:32:54] Warning: Game window not detected.
[20:32:57] Warning: Game window not detected.
[20:33:00] Warning: Game window not detected.
[20:33:03] Warning: Game window not detected.
[20:33:06] Warning: Game window not detected.
[20:33:09] Warning: Game window not detected.
[20:33:12] Warning: Game window not detected.
[20:33:15] Warning: Game window not detected.
[20:33:18] Warning: Game window not detected.
[20:33:21] Warning: Game window not detected.
[20:33:24] Warning: Game window not detected.
[20:33:27] Warning: Game window not detected.
[20:33:30] Warning: Game window not detected.
[20:33:33] Warning: Game window not detected.
[20:33:36] Warning: Game window not detected.
[20:33:49] Spawning window: 07f04f69-34c1-46bf-b948-9b548e8e7b92
[20:33:50] Closed window: 07f04f69-34c1-46bf-b948-9b548e8e7b92
[20:33:51] Spawning window: e96e43f5-0afe-4f66-939d-b459fa3af8a2
[20:33:51] Closed window: e96e43f5-0afe-4f66-939d-b459fa3af8a2
[20:33:52] Spawning window: 0a1064ba-8a6d-402e-b24a-e4a3057bcd7d
[20:33:54] Spawning window: b03d03a6-c27d-4fe3-88e6-1d0726a2848f
[20:33:54] Spawning window: 4eaaaa70-c1b0-435a-98cc-1881b860f11f
[20:33:57] Closed window: b03d03a6-c27d-4fe3-88e6-1d0726a2848f
[20:33:57] Closed window: 4eaaaa70-c1b0-435a-98cc-1881b860f11f
[20:33:58] Spawning window: 95f7d3b7-c714-4255-a3a4-92fb2096b9b4
[20:33:58] Spawning window: 3848f5a6-3ca3-4efb-be66-645ec5c4432c
[20:34:03] Spawning window: fed9009d-df0b-4840-a1d5-de8fe9c8052b
[20:34:05] Closed window: fed9009d-df0b-4840-a1d5-de8fe9c8052b
[20:34:05] Spawning window: fed9009d-df0b-4840-a1d5-de8fe9c8052b
[20:34:05] Closed window: fed9009d-df0b-4840-a1d5-de8fe9c8052b
[20:34:06] Closed window: 95f7d3b7-c714-4255-a3a4-92fb2096b9b4
[20:34:06] Closed window: 3848f5a6-3ca3-4efb-be66-645ec5c4432c
[20:34:06] Closed window: 0a1064ba-8a6d-402e-b24a-e4a3057bcd7d
[20:34:07] Spawning window: 40a34016-3c19-4867-9d44-36d8002ce4c2
[20:34:08] Spawning window: 46344507-a567-48e7-be8d-a95df89e8015
[20:34:08] Spawning window: 56f2a924-4994-427f-a256-bb3f4de97497
[20:34:57] Spawning window: cbb12306-8b41-4cc8-97c4-93d709e0d95a
[20:34:57] Closed window: cbb12306-8b41-4cc8-97c4-93d709e0d95a
[20:34:57] Closed window: 46344507-a567-48e7-be8d-a95df89e8015
[20:34:57] Closed window: 56f2a924-4994-427f-a256-bb3f4de97497
[20:34:57] Closed window: 40a34016-3c19-4867-9d44-36d8002ce4c2
[20:34:58] Spawning window: 1ded89e8-8d96-4a8c-870f-cdd39a71af18
[20:34:59] Spawning window: 95931295-d79c-43ff-841d-664fb0ffa128
[20:34:59] Spawning window: 852a5780-8449-4f0e-ab5e-b55ba71d2679
[20:35:44] Spawning window: 5c2c9926-ee91-4eee-a347-d724bffdcbc3
[20:35:44] Closed window: 5c2c9926-ee91-4eee-a347-d724bffdcbc3
[20:35:45] Closed window: 1ded89e8-8d96-4a8c-870f-cdd39a71af18
[20:35:45] Closed window: 95931295-d79c-43ff-841d-664fb0ffa128
[20:35:45] Closed window: 852a5780-8449-4f0e-ab5e-b55ba71d2679
[20:35:46] Spawning window: 1ded89e8-8d96-4a8c-870f-cdd39a71af18
[20:35:46] Spawning window: 95931295-d79c-43ff-841d-664fb0ffa128
[20:35:46] Spawning window: 852a5780-8449-4f0e-ab5e-b55ba71d2679
[20:35:47] Closed window: 1ded89e8-8d96-4a8c-870f-cdd39a71af18
[20:35:47] Closed window: 95931295-d79c-43ff-841d-664fb0ffa128
[20:35:47] Closed window: 852a5780-8449-4f0e-ab5e-b55ba71d2679
[20:35:56] Warning: Game window not detected.
[20:35:59] Warning: Game window not detected.
[20:36:02] Warning: Game window not detected.
[20:36:05] Warning: Game window not detected.
[20:36:08] Warning: Game window not detected.
[20:36:11] Warning: Game window not detected.
[20:36:14] Warning: Game window not detected.
[20:36:17] Warning: Game window not detected.
[20:36:20] Warning: Game window not detected.
[20:36:23] Warning: Game window not detected.
[20:36:26] Warning: Game window not detected.
[20:36:29] Warning: Game window not detected.
[20:36:32] Warning: Game window not detected.
[20:36:35] Warning: Game window not detected.
[20:36:38] Warning: Game window not detected.
[20:36:41] Warning: Game window not detected.
[20:36:44] Warning: Game window not detected.
[20:36:47] Warning: Game window not detected.
[20:36:50] Warning: Game window not detected.
[20:36:53] Warning: Game window not detected.
[20:36:56] Warning: Game window not detected.
[20:36:59] Warning: Game window not detected.
[20:37:02] Warning: Game window not detected.
[20:37:05] Warning: Game window not detected.
[20:37:08] Warning: Game window not detected.
[20:37:11] Warning: Game window not detected.
[20:37:14] Warning: Game window not detected.
[20:37:17] Warning: Game window not detected.
[20:37:20] Warning: Game window not detected.
[20:37:23] Warning: Game window not detected.
[20:37:26] Warning: Game window not detected.
[20:37:29] Warning: Game window not detected.
[20:37:32] Warning: Game window not detected.
[20:37:35] Warning: Game window not detected.
[20:37:38] Warning: Game window not detected.
[20:37:41] Warning: Game window not detected.
[20:37:44] Warning: Game window not detected.
[20:37:47] Warning: Game window not detected.
[20:37:50] Warning: Game window not detected.
[20:37:53] Warning: Game window not detected.
[20:37:56] Warning: Game window not detected.
[20:37:59] Warning: Game window not detected.
[20:38:02] Warning: Game window not detected.
[20:38:05] Warning: Game window not detected.
[20:38:08] Warning: Game window not detected.
[20:38:11] Warning: Game window not detected.
[20:38:14] Warning: Game window not detected.
[20:38:17] Warning: Game window not detected.
[20:38:20] Warning: Game window not detected.
[20:38:23] Warning: Game window not detected.
[20:38:26] Warning: Game window not detected.
[20:38:29] Warning: Game window not detected.
[20:38:32] Warning: Game window not detected.
[20:38:35] Warning: Game window not detected.
[20:38:38] Warning: Game window not detected.
[20:38:41] Warning: Game window not detected.
[20:38:44] Warning: Game window not detected.
[20:38:47] Warning: Game window not detected.
[20:38:50] Warning: Game window not detected.
[20:38:53] Warning: Game window not detected.
[20:38:56] Warning: Game window not detected.
[20:38:59] Warning: Game window not detected.
[20:39:02] Warning: Game window not detected.
[20:39:05] Warning: Game window not detected.
[20:39:08] Warning: Game window not detected.
[20:39:11] Warning: Game window not detected.
[20:39:14] Warning: Game window not detected.
[20:39:17] Warning: Game window not detected.
[20:39:20] Warning: Game window not detected.
[20:39:23] Warning: Game window not detected.
[20:39:26] Warning: Game window not detected.
[20:39:29] Warning: Game window not detected.
[20:39:32] Warning: Game window not detected.
[20:39:35] Warning: Game window not detected.
[20:39:38] Warning: Game window not detected.
[20:39:41] Warning: Game window not detected.
[20:39:44] Warning: Game window not detected.
[20:39:47] Warning: Game window not detected.
[20:39:50] Warning: Game window not detected.
[20:39:53] Warning: Game window not detected.
[20:39:56] Warning: Game window not detected.
[20:39:59] Warning: Game window not detected.
[20:40:02] Warning: Game window not detected.
[20:40:05] Warning: Game window not detected.
[20:40:08] Warning: Game window not detected.
[20:40:11] Warning: Game window not detected.
[20:40:14] Warning: Game window not detected.
[20:40:17] Warning: Game window not detected.
[20:40:20] Warning: Game window not detected.
[20:40:23] Warning: Game window not detected.
[20:40:26] Warning: Game window not detected.
[20:40:29] Warning: Game window not detected.
[20:40:32] Warning: Game window not detected.
[20:40:35] Warning: Game window not detected.
[20:40:38] Warning: Game window not detected.
[20:40:41] Warning: Game window not detected.
[20:40:44] Warning: Game window not detected.
[20:40:47] Warning: Game window not detected.
[20:40:50] Warning: Game window not detected.
[20:40:53] Warning: Game window not detected.
[20:40:56] Warning: Game window not detected.
[20:40:59] Warning: Game window not detected.
[20:41:02] Warning: Game window not detected.
[20:41:05] Warning: Game window not detected.
[20:41:08] Warning: Game window not detected.
[20:41:11] Warning: Game window not detected.
[20:41:14] Warning: Game window not detected.
[20:41:17] Warning: Game window not detected.
[20:41:20] Warning: Game window not detected.
[20:41:23] Warning: Game window not detected.
[20:41:26] Warning: Game window not detected.
[20:41:29] Warning: Game window not detected.
[20:41:32] Warning: Game window not detected.
[20:41:35] Warning: Game window not detected.
[20:41:38] Warning: Game window not detected.
[20:41:41] Warning: Game window not detected.
[20:41:44] Warning: Game window not detected.
[20:41:47] Warning: Game window not detected.
[20:41:50] Warning: Game window not detected.
[20:41:53] Warning: Game window not detected.
[20:41:56] Warning: Game window not detected.
[20:41:59] Warning: Game window not detected.
[20:42:02] Warning: Game window not detected.
[20:42:05] Warning: Game window not detected.
[20:42:08] Warning: Game window not detected.
[20:42:11] Warning: Game window not detected.
[20:42:14] Warning: Game window not detected.
[20:42:17] Warning: Game window not detected.
[20:42:20] Warning: Game window not detected.
[20:42:23] Warning: Game window not detected.
[20:42:26] Warning: Game window not detected.
[20:42:29] Warning: Game window not detected.
[20:42:32] Warning: Game window not detected.
[20:42:35] Warning: Game window not detected.
[20:42:38] Warning: Game window not detected.
[20:42:41] Warning: Game window not detected.
[20:42:44] Warning: Game window not detected.
[20:42:47] Warning: Game window not detected.
[20:42:50] Warning: Game window not detected.
[20:42:53] Warning: Game window not detected.
[20:42:56] Warning: Game window not detected.
[20:42:59] Warning: Game window not detected.
[20:43:02] Warning: Game window not detected.
[20:43:05] Warning: Game window not detected.
[20:43:08] Warning: Game window not detected.
[20:43:11] Warning: Game window not detected.
[20:43:14] Warning: Game window not detected.
[20:43:17] Warning: Game window not detected.
[20:43:20] Warning: Game window not detected.
[20:43:23] Warning: Game window not detected.
[20:43:26] Warning: Game window not detected.
[20:43:29] Warning: Game window not detected.
[20:43:32] Warning: Game window not detected.
[20:43:35] Warning: Game window not detected.
[20:43:38] Warning: Game window not detected.
[20:43:41] Warning: Game window not detected.
[20:43:44] Warning: Game window not detected.
[20:43:47] Warning: Game window not detected.
[20:43:50] Warning: Game window not detected.
[20:43:53] Warning: Game window not detected.
[20:43:56] Warning: Game window not detected.
[20:43:59] Warning: Game window not detected.
[20:44:02] Warning: Game window not detected.
[20:44:05] Warning: Game window not detected.
[20:44:10] Spawning window: 252e8975-f618-465a-b680-ae3813906832
[20:44:17] Closed window: 252e8975-f618-465a-b680-ae3813906832
[20:44:17] Spawning window: 527c7448-5aad-4e8a-8a2e-0655a6c284d9
[20:44:19] Closed window: 527c7448-5aad-4e8a-8a2e-0655a6c284d9
[20:44:20] Spawning window: 4f3850a6-6e0a-453c-9b02-12be71d18b96
[20:44:20] Closed window: 4f3850a6-6e0a-453c-9b02-12be71d18b96
[20:44:21] Spawning window: 54dbf190-4440-476b-9ba1-c1d705db8d41
[20:44:26] Closed window: 54dbf190-4440-476b-9ba1-c1d705db8d41
[20:44:26] Spawning window: d2001904-c5a2-4506-a357-9a7fcaee332c
[20:44:26] Closed window: d2001904-c5a2-4506-a357-9a7fcaee332c
[20:44:27] Spawning window: fcca2e70-dbf0-49d8-8321-b743581457b5
[20:44:30] Closed window: fcca2e70-dbf0-49d8-8321-b743581457b5
[20:44:30] Spawning window: fe45636e-fb20-48cf-aa99-8173f4c8a98b
[20:44:31] Spawning window: 49836c50-a267-497c-b80a-65e2c66a4e85
[20:44:31] Spawning window: c2f5c35d-1e05-43f9-aa26-ff15c6291d6e
[20:44:36] Closed window: 49836c50-a267-497c-b80a-65e2c66a4e85
[20:44:36] Closed window: c2f5c35d-1e05-43f9-aa26-ff15c6291d6e
[20:44:37] Spawning window: 55bd9018-7f16-403c-b57d-b9a88d6c6a2c
[20:44:37] Spawning window: e090ec6d-bf13-44e8-a217-409279e04b30
[20:45:05] Warning: Game window not detected.
[20:45:07] Closed window: fe45636e-fb20-48cf-aa99-8173f4c8a98b
[20:45:07] Closed window: 55bd9018-7f16-403c-b57d-b9a88d6c6a2c
[20:45:07] Closed window: e090ec6d-bf13-44e8-a217-409279e04b30
[20:45:10] Spawning window: 90efbae4-f6b1-4959-99b8-c41d63c7ce10
[20:45:15] Closed window: 90efbae4-f6b1-4959-99b8-c41d63c7ce10
[20:45:15] Spawning window: fc60d056-fd71-474b-b1c5-728b02ed3870
[20:45:16] Closed window: fc60d056-fd71-474b-b1c5-728b02ed3870
[20:45:16] Spawning window: df01a396-bb9d-4ace-8d64-ad377b9887c6
[20:45:16] Spawning window: 29294258-1079-474a-94bf-c097f13860f1
[20:45:20] Closed window: df01a396-bb9d-4ace-8d64-ad377b9887c6
[20:45:20] Closed window: 29294258-1079-474a-94bf-c097f13860f1
[20:45:20] Spawning window: fc60d056-fd71-474b-b1c5-728b02ed3870
[20:45:20] Closed window: fc60d056-fd71-474b-b1c5-728b02ed3870
[20:45:21] Spawning window: 4c419b38-d205-49e8-a11a-2b2fc831ab31
[20:45:22] Closed window: 4c419b38-d205-49e8-a11a-2b2fc831ab31
[20:45:22] Spawning window: cec00132-803d-4161-9517-20e85d6a975a
[20:45:22] Spawning window: acc6a3af-b259-4eb7-bf1a-5350848b783f
[20:45:23] Closed window: cec00132-803d-4161-9517-20e85d6a975a
[20:45:23] Closed window: acc6a3af-b259-4eb7-bf1a-5350848b783f
[20:45:23] Spawning window: 4c419b38-d205-49e8-a11a-2b2fc831ab31
[20:45:24] Closed window: 4c419b38-d205-49e8-a11a-2b2fc831ab31
[20:45:24] Spawning window: 4e1c23f1-f9ad-40f6-9c98-bc9659e61788
[20:45:24] Spawning window: c882c613-b885-4192-95a6-2f775839bc52
[20:45:25] Closed window: 4e1c23f1-f9ad-40f6-9c98-bc9659e61788
[20:45:25] Closed window: c882c613-b885-4192-95a6-2f775839bc52
[20:45:25] Spawning window: 4c419b38-d205-49e8-a11a-2b2fc831ab31
[20:45:26] Closed window: 4c419b38-d205-49e8-a11a-2b2fc831ab31
[20:45:26] Spawning window: f9067078-d278-470a-a12d-7d8342dee66b
[20:45:26] Spawning window: 1f31bb01-8221-4652-9c0d-72362be454a9
[20:48:03] Spawning window: f9067078-d278-470a-a12d-7d8342dee66b
[20:48:03] Spawning window: 1f31bb01-8221-4652-9c0d-72362be454a9
[20:48:03] Closed window: f9067078-d278-470a-a12d-7d8342dee66b
[20:48:03] Closed window: 1f31bb01-8221-4652-9c0d-72362be454a9
[20:48:03] Spawning window: 4c419b38-d205-49e8-a11a-2b2fc831ab31
[20:48:11] Spawning window: d6a38ff1-fff9-469a-bd10-7e26c9f47328
[20:48:13] Closed window: d6a38ff1-fff9-469a-bd10-7e26c9f47328
[20:48:13] Spawning window: cd5b217c-99c3-4b01-881a-cb1c28e1ac4c
[20:48:13] Spawning window: c223db09-a67c-4e4e-a2a1-afdcce227cc9
[20:51:12] Spawning window: 456566bf-d27d-4a26-ba3e-eefac6fd7261
[20:51:13] Closed window: 456566bf-d27d-4a26-ba3e-eefac6fd7261
[20:51:13] Spawning window: 92ea74d8-4dc8-492b-85bd-d103775672b8
[20:51:13] Spawning window: 4083aeb2-465d-4223-8ff6-5c52515ec14d
[20:51:14] Spawning window: 6d5795ea-3029-408f-94e7-8359c564c095
[20:51:14] Unexpected error: 'BaseEffect' object has no attribute 'cleanup'
[20:51:17] Closed window: 92ea74d8-4dc8-492b-85bd-d103775672b8
[20:51:17] Unexpected error: 'BaseEffect' object has no attribute 'cleanup'
[20:51:17] Spawning window: 92ea74d8-4dc8-492b-85bd-d103775672b8
[20:51:17] Spawning window: 4083aeb2-465d-4223-8ff6-5c52515ec14d
[20:51:18] Spawning window: 6d5795ea-3029-408f-94e7-8359c564c095
[20:51:18] Unexpected error: 'BaseEffect' object has no attribute 'cleanup'
[20:51:19] Spawning window: 6d5795ea-3029-408f-94e7-8359c564c095
[20:51:19] Unexpected error: 'BaseEffect' object has no attribute 'cleanup'
[20:51:19] Closed window: 92ea74d8-4dc8-492b-85bd-d103775672b8
[20:51:19] Unexpected error: 'BaseEffect' object has no attribute 'cleanup'
[20:51:19] Spawning window: 5103bbbc-9e65-4857-9e71-d450e83f3ff7
[20:51:19] Spawning window: 1f6142eb-f3c4-4879-bb3d-b9dd3e5c312e
[20:51:19] Spawning window: a2b70d04-144d-4911-82db-9f24bf7c8f10
[20:51:19] Unexpected error: 'BaseEffect' object has no attribute 'cleanup'
[20:51:20] Closed window: 5103bbbc-9e65-4857-9e71-d450e83f3ff7
[20:51:20] Unexpected error: 'BaseEffect' object has no attribute 'cleanup'
[20:53:53] Warning: Game window not detected.
[20:54:00] Warning: Game window not detected.
[20:54:03] Warning: Game window not detected.
[20:54:06] Warning: Game window not detected.
[20:54:09] Warning: Game window not detected.
[20:54:15] Spawning window: accad7a3-254c-440f-81c4-386da3aa86ea
[20:54:19] Closed window: accad7a3-254c-440f-81c4-386da3aa86ea
[20:54:19] Spawning window: 85a24803-ce11-485c-b7ef-658bba746a4e
[20:54:19] Spawning window: 41f4e219-6486-49de-9058-141cd99322fa
[20:54:21] Spawning window: 78695b7d-40da-4ed7-adcf-01ca59bad679
[20:54:22] Closed window: 78695b7d-40da-4ed7-adcf-01ca59bad679
[20:54:24] Closed window: 85a24803-ce11-485c-b7ef-658bba746a4e
[20:54:24] Closed window: 41f4e219-6486-49de-9058-141cd99322fa
[20:54:25] Spawning window: 85a24803-ce11-485c-b7ef-658bba746a4e
[20:54:25] Spawning window: 41f4e219-6486-49de-9058-141cd99322fa
[20:54:26] Closed window: 85a24803-ce11-485c-b7ef-658bba746a4e
[20:54:26] Closed window: 41f4e219-6486-49de-9058-141cd99322fa
[20:54:27] Spawning window: 85a24803-ce11-485c-b7ef-658bba746a4e
[20:54:27] Spawning window: 41f4e219-6486-49de-9058-141cd99322fa
[20:54:27] Spawning window: 78695b7d-40da-4ed7-adcf-01ca59bad679
[20:54:27] Closed window: 78695b7d-40da-4ed7-adcf-01ca59bad679
[20:54:27] Spawning window: 78695b7d-40da-4ed7-adcf-01ca59bad679
[20:54:27] Closed window: 78695b7d-40da-4ed7-adcf-01ca59bad679
[20:54:28] Closed window: 85a24803-ce11-485c-b7ef-658bba746a4e
[20:54:28] Closed window: 41f4e219-6486-49de-9058-141cd99322fa
[20:54:28] Spawning window: accad7a3-254c-440f-81c4-386da3aa86ea
[20:54:29] Closed window: accad7a3-254c-440f-81c4-386da3aa86ea
[20:54:29] Spawning window: 640f517b-a753-4226-81c8-e8b3050303af
[20:54:29] Spawning window: 52791a60-96f6-4722-a9e2-0b29d097a91c
[20:54:30] Spawning window: ab522d17-9062-4ab1-b9b8-7b726a3fdd4f
[20:54:30] Closed window: ab522d17-9062-4ab1-b9b8-7b726a3fdd4f
[20:54:31] Closed window: 640f517b-a753-4226-81c8-e8b3050303af
[20:54:31] Closed window: 52791a60-96f6-4722-a9e2-0b29d097a91c
[20:54:31] Spawning window: 640f517b-a753-4226-81c8-e8b3050303af
[20:54:31] Spawning window: 52791a60-96f6-4722-a9e2-0b29d097a91c
[20:54:32] Closed window: 640f517b-a753-4226-81c8-e8b3050303af
[20:54:32] Closed window: 52791a60-96f6-4722-a9e2-0b29d097a91c
[20:54:33] Spawning window: 640f517b-a753-4226-81c8-e8b3050303af
[20:54:33] Spawning window: 52791a60-96f6-4722-a9e2-0b29d097a91c
[20:54:34] Spawning window: ab522d17-9062-4ab1-b9b8-7b726a3fdd4f
[20:54:34] Closed window: ab522d17-9062-4ab1-b9b8-7b726a3fdd4f
[20:54:35] Closed window: 640f517b-a753-4226-81c8-e8b3050303af
[20:54:35] Closed window: 52791a60-96f6-4722-a9e2-0b29d097a91c
[20:54:35] Spawning window: 640f517b-a753-4226-81c8-e8b3050303af
[20:54:35] Spawning window: 52791a60-96f6-4722-a9e2-0b29d097a91c
[20:54:35] Spawning window: ab522d17-9062-4ab1-b9b8-7b726a3fdd4f
[20:54:35] Closed window: ab522d17-9062-4ab1-b9b8-7b726a3fdd4f
[20:54:35] Spawning window: ab522d17-9062-4ab1-b9b8-7b726a3fdd4f
[20:54:35] Closed window: ab522d17-9062-4ab1-b9b8-7b726a3fdd4f
[20:54:36] Spawning window: d55f0c07-eede-4013-8576-67b9b16eb3a0
[20:54:36] Closed window: d55f0c07-eede-4013-8576-67b9b16eb3a0
[20:54:36] Closed window: 640f517b-a753-4226-81c8-e8b3050303af
[20:54:36] Closed window: 52791a60-96f6-4722-a9e2-0b29d097a91c
[20:54:37] Spawning window: 640f517b-a753-4226-81c8-e8b3050303af
[20:54:37] Spawning window: 52791a60-96f6-4722-a9e2-0b29d097a91c
[20:56:16] Closed window: 640f517b-a753-4226-81c8-e8b3050303af
[20:56:16] Closed window: 52791a60-96f6-4722-a9e2-0b29d097a91c
[20:56:16] Spawning window: 640f517b-a753-4226-81c8-e8b3050303af
[20:56:16] Spawning window: 52791a60-96f6-4722-a9e2-0b29d097a91c
[20:56:16] Spawning window: d55f0c07-eede-4013-8576-67b9b16eb3a0
[20:56:16] Closed window: 52791a60-96f6-4722-a9e2-0b29d097a91c
[20:56:16] Closed window: d55f0c07-eede-4013-8576-67b9b16eb3a0
[20:56:16] Spawning window: b9081e6e-fb76-4df9-9dba-6545a1a38a3a
[20:56:17] Closed window: 640f517b-a753-4226-81c8-e8b3050303af
[20:56:17] Closed window: b9081e6e-fb76-4df9-9dba-6545a1a38a3a
[20:56:17] Spawning window: accad7a3-254c-440f-81c4-386da3aa86ea
[20:56:17] Closed window: accad7a3-254c-440f-81c4-386da3aa86ea
[20:56:17] Spawning window: f869f32f-a657-40ed-86f3-1a4d7feb1d2e
[20:56:17] Spawning window: 4c4ab864-6609-4a1a-beb1-e3e112962278
[20:56:17] Spawning window: 714165c7-a9a1-43df-8430-46f3d24e18cb
[20:56:17] Closed window: 714165c7-a9a1-43df-8430-46f3d24e18cb
[20:56:18] Closed window: f869f32f-a657-40ed-86f3-1a4d7feb1d2e
[20:56:18] Closed window: 4c4ab864-6609-4a1a-beb1-e3e112962278
[20:56:19] Spawning window: f869f32f-a657-40ed-86f3-1a4d7feb1d2e
[20:56:19] Spawning window: 4c4ab864-6609-4a1a-beb1-e3e112962278
[20:56:19] Spawning window: 714165c7-a9a1-43df-8430-46f3d24e18cb
[20:56:19] Closed window: 714165c7-a9a1-43df-8430-46f3d24e18cb
[20:56:19] Spawning window: 714165c7-a9a1-43df-8430-46f3d24e18cb
[20:56:20] Closed window: 714165c7-a9a1-43df-8430-46f3d24e18cb
[20:56:20] Closed window: f869f32f-a657-40ed-86f3-1a4d7feb1d2e
[20:56:20] Closed window: 4c4ab864-6609-4a1a-beb1-e3e112962278
[20:56:20] Spawning window: accad7a3-254c-440f-81c4-386da3aa86ea
[20:56:20] Closed window: accad7a3-254c-440f-81c4-386da3aa86ea
[20:56:21] Spawning window: 4b8b8a8b-6cdb-488d-bc91-1c2b8e1e1292
[20:56:21] Closed window: 4b8b8a8b-6cdb-488d-bc91-1c2b8e1e1292
[20:56:21] Spawning window: b71de7b8-618e-46dc-8c28-df8570ff6d8a
[20:56:21] Spawning window: ea2edd0f-8e81-47a2-a3aa-41861ecf11a5
[20:56:21] Spawning window: f49e1af6-6bb5-47e7-817e-1b2918558a06
[20:56:21] Closed window: f49e1af6-6bb5-47e7-817e-1b2918558a06
[20:56:21] Closed window: b71de7b8-618e-46dc-8c28-df8570ff6d8a
[20:56:21] Closed window: ea2edd0f-8e81-47a2-a3aa-41861ecf11a5
[20:56:23] Spawning window: 24ede4e7-ba4f-4aca-bc76-65feb6c773e7
[20:56:24] Closed window: 24ede4e7-ba4f-4aca-bc76-65feb6c773e7
[20:56:24] Spawning window: 309749b2-afc4-4ac2-bbf5-f248d12dbd71
[20:56:25] Closed window: 309749b2-afc4-4ac2-bbf5-f248d12dbd71
[20:56:25] Spawning window: 27b6d5c1-b602-4bed-bacd-9ee132d8f62b
[20:56:25] Spawning window: 833f2a31-89af-4cb8-85e4-34ab8e0aa5ac
[20:56:30] Spawning window: d6fcbb41-9e7d-40e0-bed7-2638325e7bd9
[20:56:31] Closed window: d6fcbb41-9e7d-40e0-bed7-2638325e7bd9
[20:56:48] Spawning window: d6fcbb41-9e7d-40e0-bed7-2638325e7bd9
[20:56:48] Closed window: d6fcbb41-9e7d-40e0-bed7-2638325e7bd9
[20:56:48] Closed window: 27b6d5c1-b602-4bed-bacd-9ee132d8f62b
[20:56:48] Closed window: 833f2a31-89af-4cb8-85e4-34ab8e0aa5ac
[20:56:48] Spawning window: 309749b2-afc4-4ac2-bbf5-f248d12dbd71
[20:56:48] Closed window: 309749b2-afc4-4ac2-bbf5-f248d12dbd71
[20:56:49] Spawning window: 0c415d22-0164-4cdd-abe3-e4151f3e909f
[20:56:49] Closed window: 0c415d22-0164-4cdd-abe3-e4151f3e909f
[20:56:49] Spawning window: 69177b84-e670-4d0f-93de-72193a2ac304
[20:56:49] Spawning window: 57173f50-168c-4b66-b97c-95fcecf77993
[20:56:49] Spawning window: 154b7b02-2ff4-4169-a9f5-056912ce7082
[20:56:49] Closed window: 154b7b02-2ff4-4169-a9f5-056912ce7082
[20:56:49] Spawning window: 154b7b02-2ff4-4169-a9f5-056912ce7082
[20:56:50] Closed window: 154b7b02-2ff4-4169-a9f5-056912ce7082
[20:56:50] Closed window: 69177b84-e670-4d0f-93de-72193a2ac304
[20:56:50] Closed window: 57173f50-168c-4b66-b97c-95fcecf77993
[20:56:50] Spawning window: 0c415d22-0164-4cdd-abe3-e4151f3e909f
[20:56:50] Closed window: 0c415d22-0164-4cdd-abe3-e4151f3e909f
[20:56:50] Spawning window: 5ddee525-d02d-4b29-980b-38bdb29b12bd
[20:56:50] Spawning window: acb0cf85-05c3-4ca4-a2e5-22b6282a2ebc
[20:56:50] Spawning window: 8522d242-0354-4d03-b002-38c66eb193c6
[20:56:50] Closed window: 8522d242-0354-4d03-b002-38c66eb193c6
[20:56:52] Spawning window: 8522d242-0354-4d03-b002-38c66eb193c6
[20:56:52] Closed window: 8522d242-0354-4d03-b002-38c66eb193c6
[20:58:19] Spawning window: d2caa447-50ce-4a62-b39c-3a5e5bcc3daa
[20:58:20] Closed window: acb0cf85-05c3-4ca4-a2e5-22b6282a2ebc
[20:58:20] Closed window: d2caa447-50ce-4a62-b39c-3a5e5bcc3daa
[20:58:20] Spawning window: 62a605c3-8d99-417a-9f7f-970580d99dad
[20:58:21] Closed window: 5ddee525-d02d-4b29-980b-38bdb29b12bd
[20:58:21] Closed window: 62a605c3-8d99-417a-9f7f-970580d99dad
[20:58:21] Spawning window: 0c415d22-0164-4cdd-abe3-e4151f3e909f
[20:58:21] Closed window: 0c415d22-0164-4cdd-abe3-e4151f3e909f
[20:58:21] Spawning window: 91a9f050-64e0-4186-861a-3e415616291c
[20:58:21] Closed window: 91a9f050-64e0-4186-861a-3e415616291c
[20:58:21] Spawning window: 445a58d3-531a-425d-9755-3eba6fe75804
[20:58:21] Spawning window: 5f147ce1-0a43-4fd0-8205-3f9994736aa6
[20:58:21] Spawning window: c642fb27-6182-47be-86ab-6eab51c8d6c2
[20:58:22] Closed window: c642fb27-6182-47be-86ab-6eab51c8d6c2
[20:58:24] Closed window: 445a58d3-531a-425d-9755-3eba6fe75804
[20:58:24] Closed window: 5f147ce1-0a43-4fd0-8205-3f9994736aa6
[21:01:39] Warning: Game window not detected.
[21:01:46] Warning: Game window not detected.
[21:01:49] Spawning window: 5c7e9058-6769-4644-9bd1-04c9b2fe1a70
[21:01:50] Closed window: 5c7e9058-6769-4644-9bd1-04c9b2fe1a70
[21:01:50] Spawning window: fbb62c22-bfd1-4837-b460-4d33a74ef22f
[21:01:50] Spawning window: 06445bdf-7136-42a7-ac16-1e01cb100249
[21:01:51] Spawning window: a63d72ea-e6e8-4896-98d9-f8392ca6d98b
[21:01:51] Closed window: a63d72ea-e6e8-4896-98d9-f8392ca6d98b
[21:01:51] Spawning window: a63d72ea-e6e8-4896-98d9-f8392ca6d98b
[21:01:52] Closed window: a63d72ea-e6e8-4896-98d9-f8392ca6d98b
[21:01:52] Closed window: fbb62c22-bfd1-4837-b460-4d33a74ef22f
[21:01:52] Closed window: 06445bdf-7136-42a7-ac16-1e01cb100249
[21:01:52] Spawning window: 5c7e9058-6769-4644-9bd1-04c9b2fe1a70
[21:01:52] Closed window: 5c7e9058-6769-4644-9bd1-04c9b2fe1a70
[21:01:52] Spawning window: 75efe5c7-16e5-4cda-9b09-8938d9f1c9c3
[21:01:52] Closed window: 75efe5c7-16e5-4cda-9b09-8938d9f1c9c3
[21:01:52] Spawning window: 39a18203-e190-4a4a-9db1-52d1c5b6aa9f
[21:01:52] Spawning window: 09310e37-f541-4be0-bddb-7fa2c3b44e11
[21:01:52] Spawning window: 41145147-ec6a-47ef-8f00-620d531cf807
[21:01:52] Closed window: 41145147-ec6a-47ef-8f00-620d531cf807
[21:01:54] Closed window: 39a18203-e190-4a4a-9db1-52d1c5b6aa9f
[21:01:54] Closed window: 09310e37-f541-4be0-bddb-7fa2c3b44e11
[21:01:54] Spawning window: 39a18203-e190-4a4a-9db1-52d1c5b6aa9f
[21:01:54] Spawning window: 09310e37-f541-4be0-bddb-7fa2c3b44e11
[21:01:54] Spawning window: 41145147-ec6a-47ef-8f00-620d531cf807
[21:01:54] Closed window: 41145147-ec6a-47ef-8f00-620d531cf807
[21:01:54] Closed window: 39a18203-e190-4a4a-9db1-52d1c5b6aa9f
[21:01:54] Closed window: 09310e37-f541-4be0-bddb-7fa2c3b44e11
[21:01:54] Spawning window: 75efe5c7-16e5-4cda-9b09-8938d9f1c9c3
[21:01:54] Closed window: 75efe5c7-16e5-4cda-9b09-8938d9f1c9c3
[21:01:54] Spawning window: 17445c74-66d5-494f-ba7f-5ac10c74cc77
[21:01:55] Closed window: 17445c74-66d5-494f-ba7f-5ac10c74cc77
[21:01:55] Spawning window: 304988dc-26b4-4d47-8fda-d49ec7b4cfb0
[21:01:55] Spawning window: 919a79a1-cce3-4798-a5ba-a2651ad444ce
[21:01:55] Spawning window: d7b5fdd5-0981-40b0-add2-ce7ea8c6668c
[21:01:55] Closed window: d7b5fdd5-0981-40b0-add2-ce7ea8c6668c
[21:01:55] Closed window: 304988dc-26b4-4d47-8fda-d49ec7b4cfb0
[21:01:55] Closed window: 919a79a1-cce3-4798-a5ba-a2651ad444ce
[21:01:55] Spawning window: 304988dc-26b4-4d47-8fda-d49ec7b4cfb0
[21:01:55] Spawning window: 919a79a1-cce3-4798-a5ba-a2651ad444ce
[21:01:55] Spawning window: d7b5fdd5-0981-40b0-add2-ce7ea8c6668c
[21:01:55] Closed window: d7b5fdd5-0981-40b0-add2-ce7ea8c6668c
[21:01:55] Closed window: 304988dc-26b4-4d47-8fda-d49ec7b4cfb0
[21:01:55] Closed window: 919a79a1-cce3-4798-a5ba-a2651ad444ce
[21:01:55] Spawning window: 17445c74-66d5-494f-ba7f-5ac10c74cc77
[21:01:55] Closed window: 17445c74-66d5-494f-ba7f-5ac10c74cc77
[21:01:55] Spawning window: 82e8d7cd-3770-4efc-bfc1-f70ba4ca202f
[21:01:55] Closed window: 82e8d7cd-3770-4efc-bfc1-f70ba4ca202f
[21:01:55] Spawning window: 823a3b48-408c-440e-8082-7831f944e382
[21:01:55] Spawning window: 0604ac3b-4cd2-4264-8805-884b679ead0a
[21:01:55] Spawning window: b5c0368c-82dd-4c75-9c10-e4fc5065d5c2
[21:01:55] Closed window: b5c0368c-82dd-4c75-9c10-e4fc5065d5c2
[21:01:55] Closed window: 823a3b48-408c-440e-8082-7831f944e382
[21:01:55] Closed window: 0604ac3b-4cd2-4264-8805-884b679ead0a
[21:01:56] Spawning window: 823a3b48-408c-440e-8082-7831f944e382
[21:01:56] Spawning window: 0604ac3b-4cd2-4264-8805-884b679ead0a
[21:01:56] Spawning window: b5c0368c-82dd-4c75-9c10-e4fc5065d5c2
[21:01:56] Closed window: b5c0368c-82dd-4c75-9c10-e4fc5065d5c2
[21:01:56] Spawning window: b5c0368c-82dd-4c75-9c10-e4fc5065d5c2
[21:01:56] Closed window: b5c0368c-82dd-4c75-9c10-e4fc5065d5c2
[21:01:56] Closed window: 823a3b48-408c-440e-8082-7831f944e382
[21:01:56] Closed window: 0604ac3b-4cd2-4264-8805-884b679ead0a
[21:01:56] Spawning window: 82e8d7cd-3770-4efc-bfc1-f70ba4ca202f
[21:01:56] Closed window: 82e8d7cd-3770-4efc-bfc1-f70ba4ca202f
[21:01:56] Spawning window: 64344083-03be-4308-bcb6-4b124ac55599
[21:01:56] Closed window: 64344083-03be-4308-bcb6-4b124ac55599
[21:01:56] Spawning window: 8ac77c3e-f830-4f40-bf3b-b67ef8709898
[21:01:56] Spawning window: 30c303e1-a532-4aeb-92f9-9faa2f703bba
[21:01:56] Spawning window: 2f6302bd-a40b-4911-801e-974cc7a8719e
[21:01:56] Closed window: 2f6302bd-a40b-4911-801e-974cc7a8719e
[21:01:56] Closed window: 8ac77c3e-f830-4f40-bf3b-b67ef8709898
[21:01:56] Closed window: 30c303e1-a532-4aeb-92f9-9faa2f703bba
[21:01:56] Spawning window: 8ac77c3e-f830-4f40-bf3b-b67ef8709898
[21:01:56] Spawning window: 30c303e1-a532-4aeb-92f9-9faa2f703bba
[21:01:56] Spawning window: 2f6302bd-a40b-4911-801e-974cc7a8719e
[21:01:56] Closed window: 2f6302bd-a40b-4911-801e-974cc7a8719e
[21:01:56] Closed window: 8ac77c3e-f830-4f40-bf3b-b67ef8709898
[21:01:56] Closed window: 30c303e1-a532-4aeb-92f9-9faa2f703bba
[21:01:56] Spawning window: 64344083-03be-4308-bcb6-4b124ac55599
[21:01:56] Closed window: 64344083-03be-4308-bcb6-4b124ac55599
[21:01:57] Spawning window: e0973105-9283-4033-882c-5a22face6dc7
[21:01:57] Closed window: e0973105-9283-4033-882c-5a22face6dc7
[21:01:57] Spawning window: 00d4d5c7-c061-4a76-a03f-3b0331dd369b
[21:01:57] Spawning window: de15b13b-f6d2-48dc-819c-f55edc7f5b8f
[21:01:57] Spawning window: 8903434d-256c-49ae-9ee2-c4ddb735649e
[21:01:57] Closed window: 8903434d-256c-49ae-9ee2-c4ddb735649e
[21:01:57] Closed window: 00d4d5c7-c061-4a76-a03f-3b0331dd369b
[21:01:57] Closed window: de15b13b-f6d2-48dc-819c-f55edc7f5b8f
[21:01:57] Spawning window: 00d4d5c7-c061-4a76-a03f-3b0331dd369b
[21:01:57] Spawning window: de15b13b-f6d2-48dc-819c-f55edc7f5b8f
[21:01:57] Spawning window: 8903434d-256c-49ae-9ee2-c4ddb735649e
[21:01:57] Closed window: 8903434d-256c-49ae-9ee2-c4ddb735649e
[21:01:57] Spawning window: 8903434d-256c-49ae-9ee2-c4ddb735649e
[21:01:57] Closed window: 8903434d-256c-49ae-9ee2-c4ddb735649e
[21:01:57] Closed window: 00d4d5c7-c061-4a76-a03f-3b0331dd369b
[21:01:57] Closed window: de15b13b-f6d2-48dc-819c-f55edc7f5b8f
[21:01:57] Spawning window: e0973105-9283-4033-882c-5a22face6dc7
[21:01:57] Closed window: e0973105-9283-4033-882c-5a22face6dc7
[21:01:57] Spawning window: 5b010a41-eae0-46c7-b5a1-3260a9072e7c
[21:01:57] Closed window: 5b010a41-eae0-46c7-b5a1-3260a9072e7c
[21:01:57] Spawning window: 030bcb90-a010-4ef9-b801-b7f54e5379c4
[21:01:57] Spawning window: 0441990b-844c-421a-aae9-107d851e14f9
[21:01:57] Closed window: 030bcb90-a010-4ef9-b801-b7f54e5379c4
[21:01:57] Closed window: 0441990b-844c-421a-aae9-107d851e14f9
[21:01:57] Spawning window: 030bcb90-a010-4ef9-b801-b7f54e5379c4
[21:01:57] Spawning window: 0441990b-844c-421a-aae9-107d851e14f9
[21:01:57] Spawning window: b8386d64-1a0c-4d32-9654-7d0b258fb9ba
[21:01:57] Closed window: b8386d64-1a0c-4d32-9654-7d0b258fb9ba
[21:01:57] Closed window: 030bcb90-a010-4ef9-b801-b7f54e5379c4
[21:01:57] Closed window: 0441990b-844c-421a-aae9-107d851e14f9
[21:01:57] Spawning window: 5b010a41-eae0-46c7-b5a1-3260a9072e7c
[21:01:57] Closed window: 5b010a41-eae0-46c7-b5a1-3260a9072e7c
[21:01:57] Spawning window: 40ff8666-000c-45da-a5d6-88bafec1c053
[21:01:57] Closed window: 40ff8666-000c-45da-a5d6-88bafec1c053
[21:01:57] Spawning window: ba30a249-d1a6-4b5e-8537-e33c503a725f
[21:01:57] Spawning window: 61d8008b-6ef9-4281-9f67-9f1f7130b436
[21:01:57] Spawning window: a5aa4d77-c238-404e-971d-93507baff6af
[21:01:57] Closed window: ba30a249-d1a6-4b5e-8537-e33c503a725f
[21:01:57] Closed window: 61d8008b-6ef9-4281-9f67-9f1f7130b436
[21:01:57] Closed window: a5aa4d77-c238-404e-971d-93507baff6af
[21:08:30] Warning: Game window not detected.
[21:08:33] Warning: Game window not detected.
[21:08:35] Spawning window: 0fc2470e-81d1-47ff-a09c-d1649cb0b61d
[21:08:35] Closed window: 0fc2470e-81d1-47ff-a09c-d1649cb0b61d
[21:08:35] Spawning window: 20379b2b-5989-45e3-9460-8c4c7be35ce6
[21:08:35] Spawning window: 27df6825-93eb-4a17-a1fb-70c39e587faf
[21:08:36] Spawning window: 4d0b1ee0-9ae0-4a6f-8767-73c7c0eaff0f
[21:08:36] Closed window: 4d0b1ee0-9ae0-4a6f-8767-73c7c0eaff0f
[21:08:39] Closed window: 20379b2b-5989-45e3-9460-8c4c7be35ce6
[21:08:39] Closed window: 27df6825-93eb-4a17-a1fb-70c39e587faf
[21:08:40] Spawning window: 20379b2b-5989-45e3-9460-8c4c7be35ce6
[21:08:40] Spawning window: 27df6825-93eb-4a17-a1fb-70c39e587faf
[21:08:40] Spawning window: 4d0b1ee0-9ae0-4a6f-8767-73c7c0eaff0f
[21:08:40] Closed window: 4d0b1ee0-9ae0-4a6f-8767-73c7c0eaff0f
[21:08:40] Spawning window: 4d0b1ee0-9ae0-4a6f-8767-73c7c0eaff0f
[21:08:40] Closed window: 4d0b1ee0-9ae0-4a6f-8767-73c7c0eaff0f
[21:08:40] Closed window: 20379b2b-5989-45e3-9460-8c4c7be35ce6
[21:08:40] Closed window: 27df6825-93eb-4a17-a1fb-70c39e587faf
[21:08:40] Spawning window: 0fc2470e-81d1-47ff-a09c-d1649cb0b61d
[21:08:40] Closed window: 0fc2470e-81d1-47ff-a09c-d1649cb0b61d
[21:08:40] Spawning window: ab4fef9c-29e4-454a-950a-2acd3ab73cf5
[21:08:40] Closed window: ab4fef9c-29e4-454a-950a-2acd3ab73cf5
[21:08:40] Spawning window: 4cc67fd7-6b79-43a3-88be-3b905bc550a0
[21:08:40] Spawning window: cf3dd779-4a5c-4091-b51e-5bc0a6fad20c
[21:08:40] Spawning window: 5824efe1-2e1e-4d27-8fcc-87ff92ba7c08
[21:08:40] Closed window: 5824efe1-2e1e-4d27-8fcc-87ff92ba7c08
[21:08:40] Closed window: 4cc67fd7-6b79-43a3-88be-3b905bc550a0
[21:08:40] Closed window: cf3dd779-4a5c-4091-b51e-5bc0a6fad20c
[21:08:40] Spawning window: 4cc67fd7-6b79-43a3-88be-3b905bc550a0
[21:08:40] Spawning window: cf3dd779-4a5c-4091-b51e-5bc0a6fad20c
[21:08:40] Spawning window: 5824efe1-2e1e-4d27-8fcc-87ff92ba7c08
[21:08:40] Closed window: 5824efe1-2e1e-4d27-8fcc-87ff92ba7c08
[21:08:40] Closed window: 4cc67fd7-6b79-43a3-88be-3b905bc550a0
[21:08:40] Closed window: cf3dd779-4a5c-4091-b51e-5bc0a6fad20c
[21:08:40] Spawning window: ab4fef9c-29e4-454a-950a-2acd3ab73cf5
[21:08:40] Closed window: ab4fef9c-29e4-454a-950a-2acd3ab73cf5
[21:08:41] Spawning window: d19073c7-b01f-490b-9b5a-cb92b4a07a9e
[21:08:41] Closed window: d19073c7-b01f-490b-9b5a-cb92b4a07a9e
[21:08:41] Spawning window: 31809848-406d-4638-803a-557b409ce907
[21:08:41] Spawning window: 5e7e0f57-d1b9-4792-9f45-9d18765bb784
[21:08:41] Spawning window: f170f553-c34a-4b41-b427-fb4e2f59ef9b
[21:08:41] Closed window: 31809848-406d-4638-803a-557b409ce907
[21:08:41] Closed window: f170f553-c34a-4b41-b427-fb4e2f59ef9b
[21:08:41] Closed window: 5e7e0f57-d1b9-4792-9f45-9d18765bb784
[21:08:41] Spawning window: 31809848-406d-4638-803a-557b409ce907
[21:08:41] Spawning window: 5e7e0f57-d1b9-4792-9f45-9d18765bb784
[21:08:41] Spawning window: f170f553-c34a-4b41-b427-fb4e2f59ef9b
[21:08:41] Closed window: f170f553-c34a-4b41-b427-fb4e2f59ef9b
[21:08:41] Closed window: 31809848-406d-4638-803a-557b409ce907
[21:08:41] Closed window: 5e7e0f57-d1b9-4792-9f45-9d18765bb784
[21:08:41] Spawning window: d19073c7-b01f-490b-9b5a-cb92b4a07a9e
[21:08:41] Closed window: d19073c7-b01f-490b-9b5a-cb92b4a07a9e
[21:08:41] Spawning window: abed4a7b-632e-41a2-b40c-18d71c84c85c
[21:08:41] Closed window: abed4a7b-632e-41a2-b40c-18d71c84c85c
[21:08:41] Spawning window: c7e95b6d-fe11-4b55-a15b-6f942c384489
[21:08:41] Spawning window: b3909eef-0e0b-4ef2-b5a2-7d2128cea35f
[21:08:41] Closed window: c7e95b6d-fe11-4b55-a15b-6f942c384489
[21:08:41] Closed window: b3909eef-0e0b-4ef2-b5a2-7d2128cea35f
[21:08:41] Spawning window: c7e95b6d-fe11-4b55-a15b-6f942c384489
[21:08:41] Spawning window: b3909eef-0e0b-4ef2-b5a2-7d2128cea35f
[21:08:41] Closed window: c7e95b6d-fe11-4b55-a15b-6f942c384489
[21:08:41] Closed window: b3909eef-0e0b-4ef2-b5a2-7d2128cea35f
[21:08:41] Spawning window: abed4a7b-632e-41a2-b40c-18d71c84c85c
[21:08:41] Closed window: abed4a7b-632e-41a2-b40c-18d71c84c85c
[21:08:41] Spawning window: 5eb4b1b5-95cb-445c-aacb-6aa424a9f423
[21:08:41] Closed window: 5eb4b1b5-95cb-445c-aacb-6aa424a9f423
[21:08:41] Spawning window: e85a5c8a-a3f5-447a-b9d9-8bc24263eb4b
[21:08:41] Spawning window: 76587b96-cacb-4e02-a20f-c54e16ef7629
[21:08:41] Spawning window: 0c44d376-a19b-4210-9a55-0b186169f86e
[21:08:41] Closed window: e85a5c8a-a3f5-447a-b9d9-8bc24263eb4b
[21:08:41] Closed window: 76587b96-cacb-4e02-a20f-c54e16ef7629
[21:08:41] Closed window: 0c44d376-a19b-4210-9a55-0b186169f86e
[21:08:41] Spawning window: e85a5c8a-a3f5-447a-b9d9-8bc24263eb4b
[21:08:41] Spawning window: 76587b96-cacb-4e02-a20f-c54e16ef7629
[21:08:41] Spawning window: 0c44d376-a19b-4210-9a55-0b186169f86e
[21:08:41] Closed window: 0c44d376-a19b-4210-9a55-0b186169f86e
[21:08:41] Closed window: e85a5c8a-a3f5-447a-b9d9-8bc24263eb4b
[21:08:41] Closed window: 76587b96-cacb-4e02-a20f-c54e16ef7629
[21:08:41] Spawning window: 5eb4b1b5-95cb-445c-aacb-6aa424a9f423
[21:08:41] Closed window: 5eb4b1b5-95cb-445c-aacb-6aa424a9f423
[21:08:41] Spawning window: 0191d361-38bd-4b7e-9058-ba628ed22682
[21:08:41] Closed window: 0191d361-38bd-4b7e-9058-ba628ed22682
[21:08:41] Spawning window: 363df50b-4b59-4e82-be15-be096451f8f4
[21:08:41] Spawning window: 3eefc0fb-0cd3-4fc2-81b9-368e469067ba
[21:08:41] Spawning window: 28081f83-db8c-41c4-aed6-37fefc31e5a5
[21:08:41] Closed window: 363df50b-4b59-4e82-be15-be096451f8f4
[21:08:41] Closed window: 3eefc0fb-0cd3-4fc2-81b9-368e469067ba
[21:08:41] Closed window: 28081f83-db8c-41c4-aed6-37fefc31e5a5
[21:08:42] Spawning window: 363df50b-4b59-4e82-be15-be096451f8f4
[21:08:42] Spawning window: 3eefc0fb-0cd3-4fc2-81b9-368e469067ba
[21:08:42] Closed window: 363df50b-4b59-4e82-be15-be096451f8f4
[21:08:42] Closed window: 3eefc0fb-0cd3-4fc2-81b9-368e469067ba
[21:08:42] Spawning window: 363df50b-4b59-4e82-be15-be096451f8f4
[21:08:42] Spawning window: 3eefc0fb-0cd3-4fc2-81b9-368e469067ba
[21:08:42] Spawning window: 28081f83-db8c-41c4-aed6-37fefc31e5a5
[21:08:42] Closed window: 28081f83-db8c-41c4-aed6-37fefc31e5a5
[21:08:42] Closed window: 363df50b-4b59-4e82-be15-be096451f8f4
[21:08:42] Closed window: 3eefc0fb-0cd3-4fc2-81b9-368e469067ba
[21:08:42] Spawning window: 0191d361-38bd-4b7e-9058-ba628ed22682
[21:08:42] Closed window: 0191d361-38bd-4b7e-9058-ba628ed22682
[21:08:42] Spawning window: b3b08f1f-747c-48b3-b4b9-5bf81b916e8e
[21:08:42] Closed window: b3b08f1f-747c-48b3-b4b9-5bf81b916e8e
[21:08:42] Spawning window: a239a5f8-c74b-4e8c-ac7d-ee9829010d41
[21:08:42] Spawning window: c9d33bec-0cd0-45c4-87df-41b31828abc1
[21:08:42] Spawning window: 51efec7b-6761-4c4a-be3c-088fdf624210
[21:08:42] Closed window: a239a5f8-c74b-4e8c-ac7d-ee9829010d41
[21:08:42] Closed window: c9d33bec-0cd0-45c4-87df-41b31828abc1
[21:08:42] Closed window: 51efec7b-6761-4c4a-be3c-088fdf624210
[21:08:42] Spawning window: a239a5f8-c74b-4e8c-ac7d-ee9829010d41
[21:08:42] Spawning window: c9d33bec-0cd0-45c4-87df-41b31828abc1
[21:08:42] Spawning window: 51efec7b-6761-4c4a-be3c-088fdf624210
[21:08:42] Closed window: 51efec7b-6761-4c4a-be3c-088fdf624210
[21:08:42] Closed window: a239a5f8-c74b-4e8c-ac7d-ee9829010d41
[21:08:42] Closed window: c9d33bec-0cd0-45c4-87df-41b31828abc1
[21:08:42] Spawning window: b3b08f1f-747c-48b3-b4b9-5bf81b916e8e
[21:08:42] Closed window: b3b08f1f-747c-48b3-b4b9-5bf81b916e8e
[21:08:42] Spawning window: be6fee11-cd4b-4c72-b646-224b96fbda81
[21:08:42] Closed window: be6fee11-cd4b-4c72-b646-224b96fbda81
[21:08:42] Spawning window: 2854d42c-608d-4827-93a0-be663bf2fe57
[21:08:42] Spawning window: 4a565966-9def-4ace-87ee-5eb7b84cd083
[21:08:42] Closed window: 2854d42c-608d-4827-93a0-be663bf2fe57
[21:08:42] Closed window: 4a565966-9def-4ace-87ee-5eb7b84cd083
[21:08:42] Spawning window: 2854d42c-608d-4827-93a0-be663bf2fe57
[21:08:42] Spawning window: 4a565966-9def-4ace-87ee-5eb7b84cd083
[21:08:42] Spawning window: 2a15a755-e777-4faa-b71a-b0919fc39b87
[21:08:42] Closed window: 2a15a755-e777-4faa-b71a-b0919fc39b87
[21:08:42] Closed window: 2854d42c-608d-4827-93a0-be663bf2fe57
[21:08:42] Closed window: 4a565966-9def-4ace-87ee-5eb7b84cd083
[21:08:42] Spawning window: be6fee11-cd4b-4c72-b646-224b96fbda81
[21:08:42] Closed window: be6fee11-cd4b-4c72-b646-224b96fbda81
[21:08:43] Spawning window: fa96cd33-1035-4c29-8004-c53eb9112577
[21:08:43] Closed window: fa96cd33-1035-4c29-8004-c53eb9112577
[21:08:43] Spawning window: 289d210c-78c1-4615-8477-34c161be5256
[21:08:43] Spawning window: d2b857f6-cbca-494a-9a8b-869fb4e1dcf9
[21:08:43] Closed window: 289d210c-78c1-4615-8477-34c161be5256
[21:08:43] Closed window: d2b857f6-cbca-494a-9a8b-869fb4e1dcf9
[21:08:43] Spawning window: 289d210c-78c1-4615-8477-34c161be5256
[21:08:43] Spawning window: d2b857f6-cbca-494a-9a8b-869fb4e1dcf9
[21:08:43] Closed window: 289d210c-78c1-4615-8477-34c161be5256
[21:08:43] Closed window: d2b857f6-cbca-494a-9a8b-869fb4e1dcf9
[21:08:43] Spawning window: fa96cd33-1035-4c29-8004-c53eb9112577
[21:08:43] Closed window: fa96cd33-1035-4c29-8004-c53eb9112577
[21:08:43] Spawning window: 1e305255-84cc-4f04-afbc-847455c8df4d
[21:08:43] Closed window: 1e305255-84cc-4f04-afbc-847455c8df4d
[21:08:43] Spawning window: a77f0830-b26c-45dc-b69f-e02055bd3fff
[21:08:43] Spawning window: 499ba968-c506-4ed5-8415-d95e5a1aeac2
[21:08:43] Spawning window: 51f67fd9-e5f9-4d74-add8-8c8e922832a6
[21:08:43] Closed window: a77f0830-b26c-45dc-b69f-e02055bd3fff
[21:08:43] Closed window: 499ba968-c506-4ed5-8415-d95e5a1aeac2
[21:08:43] Closed window: 51f67fd9-e5f9-4d74-add8-8c8e922832a6
[21:08:43] Spawning window: a77f0830-b26c-45dc-b69f-e02055bd3fff
[21:08:43] Spawning window: 499ba968-c506-4ed5-8415-d95e5a1aeac2
[21:08:43] Spawning window: 51f67fd9-e5f9-4d74-add8-8c8e922832a6
[21:08:43] Closed window: 51f67fd9-e5f9-4d74-add8-8c8e922832a6
[21:08:43] Closed window: a77f0830-b26c-45dc-b69f-e02055bd3fff
[21:08:43] Closed window: 499ba968-c506-4ed5-8415-d95e5a1aeac2
[21:08:43] Spawning window: 1e305255-84cc-4f04-afbc-847455c8df4d
[21:08:43] Closed window: 1e305255-84cc-4f04-afbc-847455c8df4d
[21:08:43] Spawning window: 9391febe-4d7d-46bb-a280-88343deb2525
[21:08:43] Closed window: 9391febe-4d7d-46bb-a280-88343deb2525
[21:08:43] Spawning window: 130bf1e9-f11f-48ff-a65f-4aacec96da43
[21:08:43] Spawning window: 9f4958ef-1645-4e21-8def-c30e68d51702
[21:08:43] Spawning window: 68389af1-1244-4e62-a2d7-b8c004e1459e
[21:08:43] Closed window: 130bf1e9-f11f-48ff-a65f-4aacec96da43
[21:08:43] Closed window: 9f4958ef-1645-4e21-8def-c30e68d51702
[21:08:43] Closed window: 68389af1-1244-4e62-a2d7-b8c004e1459e
[21:08:43] Spawning window: 130bf1e9-f11f-48ff-a65f-4aacec96da43
[21:08:43] Spawning window: 9f4958ef-1645-4e21-8def-c30e68d51702
[21:08:43] Spawning window: 68389af1-1244-4e62-a2d7-b8c004e1459e
[21:08:43] Closed window: 68389af1-1244-4e62-a2d7-b8c004e1459e
[21:08:43] Closed window: 130bf1e9-f11f-48ff-a65f-4aacec96da43
[21:08:43] Closed window: 9f4958ef-1645-4e21-8def-c30e68d51702
[21:08:43] Spawning window: 9391febe-4d7d-46bb-a280-88343deb2525
[21:08:43] Closed window: 9391febe-4d7d-46bb-a280-88343deb2525
[21:08:44] Spawning window: 6cf10683-3f70-477c-9498-4cdf2e19438b
[21:08:44] Closed window: 6cf10683-3f70-477c-9498-4cdf2e19438b
[21:08:44] Spawning window: 81874723-f8db-41f9-837c-f5313532aec2
[21:08:44] Spawning window: dfdaaedd-3525-41a6-abf2-c86efd8696f6
[21:08:44] Spawning window: 0a69c0c9-d2b8-4579-ae1f-18e0df3d9adf
[21:08:44] Closed window: 81874723-f8db-41f9-837c-f5313532aec2
[21:08:44] Closed window: dfdaaedd-3525-41a6-abf2-c86efd8696f6
[21:08:44] Closed window: 0a69c0c9-d2b8-4579-ae1f-18e0df3d9adf
[21:08:44] Spawning window: 81874723-f8db-41f9-837c-f5313532aec2
[21:08:44] Spawning window: dfdaaedd-3525-41a6-abf2-c86efd8696f6
[21:08:44] Spawning window: 0a69c0c9-d2b8-4579-ae1f-18e0df3d9adf
[21:08:44] Closed window: 0a69c0c9-d2b8-4579-ae1f-18e0df3d9adf
[21:08:44] Closed window: 81874723-f8db-41f9-837c-f5313532aec2
[21:08:44] Closed window: dfdaaedd-3525-41a6-abf2-c86efd8696f6
[21:08:44] Spawning window: 6cf10683-3f70-477c-9498-4cdf2e19438b
[21:08:44] Closed window: 6cf10683-3f70-477c-9498-4cdf2e19438b
[21:08:45] Spawning window: 7db5dfd4-1723-4973-97ed-d8d93ad5fe33
[21:08:45] Closed window: 7db5dfd4-1723-4973-97ed-d8d93ad5fe33
[21:08:45] Spawning window: 1ef05170-7fa7-423f-b1ef-9602f63ddcb3
[21:08:45] Spawning window: e15dd82d-5e0d-4f9f-a5dc-ade53f8c62d4
[21:08:45] Spawning window: 29c2827f-2c8c-4022-9d49-f851b58e96ff
[21:08:45] Closed window: 29c2827f-2c8c-4022-9d49-f851b58e96ff
[21:08:45] Closed window: 1ef05170-7fa7-423f-b1ef-9602f63ddcb3
[21:08:45] Closed window: e15dd82d-5e0d-4f9f-a5dc-ade53f8c62d4
[21:08:45] Spawning window: 1ef05170-7fa7-423f-b1ef-9602f63ddcb3
[21:08:45] Spawning window: e15dd82d-5e0d-4f9f-a5dc-ade53f8c62d4
[21:08:45] Spawning window: 29c2827f-2c8c-4022-9d49-f851b58e96ff
[21:08:45] Closed window: 29c2827f-2c8c-4022-9d49-f851b58e96ff
[21:08:45] Spawning window: 29c2827f-2c8c-4022-9d49-f851b58e96ff
[21:08:45] Closed window: 29c2827f-2c8c-4022-9d49-f851b58e96ff
[21:08:45] Closed window: 1ef05170-7fa7-423f-b1ef-9602f63ddcb3
[21:08:45] Closed window: e15dd82d-5e0d-4f9f-a5dc-ade53f8c62d4
[21:08:45] Spawning window: 7db5dfd4-1723-4973-97ed-d8d93ad5fe33
[21:08:45] Closed window: 7db5dfd4-1723-4973-97ed-d8d93ad5fe33
[21:08:45] Spawning window: 0d1141f9-00b6-47c3-b90d-b7f2ee453197
[21:08:45] Closed window: 0d1141f9-00b6-47c3-b90d-b7f2ee453197
[21:08:45] Spawning window: cb53ff17-1fb3-46bd-9852-7fbba1975d2d
[21:08:45] Spawning window: 58daf7ed-b343-41f1-83a8-fc6afca55dd8
[21:08:45] Closed window: cb53ff17-1fb3-46bd-9852-7fbba1975d2d
[21:08:45] Closed window: 58daf7ed-b343-41f1-83a8-fc6afca55dd8
[21:08:45] Spawning window: cb53ff17-1fb3-46bd-9852-7fbba1975d2d
[21:08:45] Spawning window: 58daf7ed-b343-41f1-83a8-fc6afca55dd8
[21:08:45] Spawning window: 59565a6d-84cb-4861-b88a-9b53b39facb3
[21:08:45] Closed window: cb53ff17-1fb3-46bd-9852-7fbba1975d2d
[21:08:45] Closed window: 58daf7ed-b343-41f1-83a8-fc6afca55dd8
[21:08:45] Closed window: 59565a6d-84cb-4861-b88a-9b53b39facb3
[21:08:45] Spawning window: 0d1141f9-00b6-47c3-b90d-b7f2ee453197
[21:08:45] Closed window: 0d1141f9-00b6-47c3-b90d-b7f2ee453197
[21:08:45] Spawning window: 5a38a07b-4cf3-47eb-8369-9ed772c6cd1f
[21:08:45] Closed window: 5a38a07b-4cf3-47eb-8369-9ed772c6cd1f
[21:08:45] Spawning window: 135c4440-4e86-4bfb-89d6-a7b228d7afb1
[21:08:45] Spawning window: 0342ef00-6fe3-4379-abcb-efd10d49f151
[21:08:45] Spawning window: 3a395cd1-047b-4d2b-8603-2ded3ef84791
[21:08:46] Closed window: 135c4440-4e86-4bfb-89d6-a7b228d7afb1
[21:08:46] Closed window: 0342ef00-6fe3-4379-abcb-efd10d49f151
[21:08:46] Closed window: 3a395cd1-047b-4d2b-8603-2ded3ef84791
[21:08:46] Spawning window: 135c4440-4e86-4bfb-89d6-a7b228d7afb1
[21:08:46] Spawning window: 0342ef00-6fe3-4379-abcb-efd10d49f151
[21:08:46] Spawning window: 3a395cd1-047b-4d2b-8603-2ded3ef84791
[21:08:46] Closed window: 3a395cd1-047b-4d2b-8603-2ded3ef84791
[21:08:46] Closed window: 135c4440-4e86-4bfb-89d6-a7b228d7afb1
[21:08:46] Closed window: 0342ef00-6fe3-4379-abcb-efd10d49f151
[21:08:46] Spawning window: 5a38a07b-4cf3-47eb-8369-9ed772c6cd1f
[21:08:46] Closed window: 5a38a07b-4cf3-47eb-8369-9ed772c6cd1f
[21:08:46] Spawning window: 420bdf5b-1105-4c7b-aeeb-7e0211bdd188
[21:08:46] Closed window: 420bdf5b-1105-4c7b-aeeb-7e0211bdd188
[21:08:46] Spawning window: b21c4426-92c9-4ba3-8319-3d14ffae90eb
[21:08:46] Spawning window: 687e7b7a-664e-4573-b327-41f8a07d2b11
[21:08:46] Spawning window: bf03abf8-8c9f-4e8b-afd9-bf91adab0ed4
[21:08:46] Closed window: b21c4426-92c9-4ba3-8319-3d14ffae90eb
[21:08:46] Closed window: 687e7b7a-664e-4573-b327-41f8a07d2b11
[21:08:46] Closed window: bf03abf8-8c9f-4e8b-afd9-bf91adab0ed4
[21:08:46] Spawning window: b21c4426-92c9-4ba3-8319-3d14ffae90eb
[21:08:46] Spawning window: 687e7b7a-664e-4573-b327-41f8a07d2b11
[21:08:46] Spawning window: bf03abf8-8c9f-4e8b-afd9-bf91adab0ed4
[21:08:46] Closed window: bf03abf8-8c9f-4e8b-afd9-bf91adab0ed4
[21:08:46] Closed window: b21c4426-92c9-4ba3-8319-3d14ffae90eb
[21:08:46] Closed window: 687e7b7a-664e-4573-b327-41f8a07d2b11
[21:08:46] Spawning window: 420bdf5b-1105-4c7b-aeeb-7e0211bdd188
[21:08:46] Closed window: 420bdf5b-1105-4c7b-aeeb-7e0211bdd188
[21:08:46] Spawning window: 1ba62850-1997-4a6e-8317-30274c887bb4
[21:08:46] Closed window: 1ba62850-1997-4a6e-8317-30274c887bb4
[21:08:46] Spawning window: 7347d7ab-e253-4884-8180-81a592863086
[21:08:46] Spawning window: bb220680-71df-4bd3-98b8-165d540728a0
[21:08:46] Closed window: 7347d7ab-e253-4884-8180-81a592863086
[21:08:46] Closed window: bb220680-71df-4bd3-98b8-165d540728a0
[21:08:46] Spawning window: 7347d7ab-e253-4884-8180-81a592863086
[21:08:46] Spawning window: bb220680-71df-4bd3-98b8-165d540728a0
[21:08:46] Spawning window: 950355a3-0e8a-49de-bfff-e810e530a492
[21:08:46] Closed window: 950355a3-0e8a-49de-bfff-e810e530a492
[21:08:46] Closed window: 7347d7ab-e253-4884-8180-81a592863086
[21:08:46] Closed window: bb220680-71df-4bd3-98b8-165d540728a0
[21:08:46] Spawning window: 1ba62850-1997-4a6e-8317-30274c887bb4
[21:08:46] Closed window: 1ba62850-1997-4a6e-8317-30274c887bb4
[21:08:46] Spawning window: a0d00770-36f8-4e72-8ab3-1d69cc21d5da
[21:08:46] Closed window: a0d00770-36f8-4e72-8ab3-1d69cc21d5da
[21:08:46] Spawning window: 3e8f6587-15d4-4ab9-92b8-49f2740eb94b
[21:08:46] Spawning window: aba143b4-0731-4bc9-80ae-425e52a89adc
[21:08:46] Spawning window: 68ee2224-5ebe-449f-aaa7-7c59090ddb0d
[21:08:46] Closed window: 3e8f6587-15d4-4ab9-92b8-49f2740eb94b
[21:08:46] Closed window: aba143b4-0731-4bc9-80ae-425e52a89adc
[21:08:46] Closed window: 68ee2224-5ebe-449f-aaa7-7c59090ddb0d
[21:08:46] Spawning window: 3e8f6587-15d4-4ab9-92b8-49f2740eb94b
[21:08:46] Spawning window: aba143b4-0731-4bc9-80ae-425e52a89adc
[21:08:46] Closed window: 3e8f6587-15d4-4ab9-92b8-49f2740eb94b
[21:08:46] Closed window: aba143b4-0731-4bc9-80ae-425e52a89adc
[21:08:46] Spawning window: a0d00770-36f8-4e72-8ab3-1d69cc21d5da
[21:08:46] Closed window: a0d00770-36f8-4e72-8ab3-1d69cc21d5da
[21:08:46] Spawning window: d406db23-32ec-4bea-aef6-459a75dbf7f5
[21:08:46] Closed window: d406db23-32ec-4bea-aef6-459a75dbf7f5
[21:08:46] Spawning window: b99a2a2b-c22d-4756-8334-9e05569ad884
[21:08:46] Spawning window: c1d5d752-39a8-4c8c-871d-f58884290d01
[21:08:46] Spawning window: f90e19fe-8b7f-45cc-9f45-ee9056564705
[21:08:46] Closed window: b99a2a2b-c22d-4756-8334-9e05569ad884
[21:08:46] Closed window: c1d5d752-39a8-4c8c-871d-f58884290d01
[21:08:46] Closed window: f90e19fe-8b7f-45cc-9f45-ee9056564705
[21:08:47] Spawning window: b99a2a2b-c22d-4756-8334-9e05569ad884
[21:08:47] Spawning window: c1d5d752-39a8-4c8c-871d-f58884290d01
[21:08:47] Spawning window: f90e19fe-8b7f-45cc-9f45-ee9056564705
[21:08:47] Closed window: f90e19fe-8b7f-45cc-9f45-ee9056564705
[21:08:47] Closed window: b99a2a2b-c22d-4756-8334-9e05569ad884
[21:08:47] Closed window: c1d5d752-39a8-4c8c-871d-f58884290d01
[21:08:47] Spawning window: d406db23-32ec-4bea-aef6-459a75dbf7f5
[21:08:47] Closed window: d406db23-32ec-4bea-aef6-459a75dbf7f5
[21:08:47] Spawning window: e85e63c1-7b1b-4001-b71f-85c4cf764021
[21:08:47] Closed window: e85e63c1-7b1b-4001-b71f-85c4cf764021
[21:08:47] Spawning window: 717f5fa4-0fd3-4228-9585-346c070e6f47
[21:08:47] Spawning window: 66fb2407-3c4b-4290-9416-5248c045263c
[21:08:47] Spawning window: f105cd42-d915-434e-ac8b-19fe84d0e5e9
[21:08:47] Closed window: f105cd42-d915-434e-ac8b-19fe84d0e5e9
[21:08:47] Closed window: 717f5fa4-0fd3-4228-9585-346c070e6f47
[21:08:47] Closed window: 66fb2407-3c4b-4290-9416-5248c045263c
[21:08:47] Spawning window: 717f5fa4-0fd3-4228-9585-346c070e6f47
[21:08:47] Spawning window: 66fb2407-3c4b-4290-9416-5248c045263c
[21:08:47] Spawning window: f105cd42-d915-434e-ac8b-19fe84d0e5e9
[21:08:47] Closed window: f105cd42-d915-434e-ac8b-19fe84d0e5e9
[21:08:47] Closed window: 717f5fa4-0fd3-4228-9585-346c070e6f47
[21:08:47] Closed window: 66fb2407-3c4b-4290-9416-5248c045263c
[21:08:47] Spawning window: e85e63c1-7b1b-4001-b71f-85c4cf764021
[21:08:47] Closed window: e85e63c1-7b1b-4001-b71f-85c4cf764021
[21:08:47] Spawning window: 8bf4091d-59f9-42f6-bc1e-9e1dc45897d2
[21:08:47] Closed window: 8bf4091d-59f9-42f6-bc1e-9e1dc45897d2
[21:08:47] Spawning window: 4a6a6f2d-a592-4f9d-9177-c8ebdbfedfbe
[21:08:47] Spawning window: ff73600e-b623-4a09-b6c0-23ab79e775d7
[21:08:47] Spawning window: 0fe6f42c-654c-495a-aed9-acd4798ff3ba
[21:08:47] Closed window: 4a6a6f2d-a592-4f9d-9177-c8ebdbfedfbe
[21:08:47] Closed window: ff73600e-b623-4a09-b6c0-23ab79e775d7
[21:08:47] Closed window: 0fe6f42c-654c-495a-aed9-acd4798ff3ba
[21:08:47] Spawning window: 4a6a6f2d-a592-4f9d-9177-c8ebdbfedfbe
[21:08:47] Spawning window: ff73600e-b623-4a09-b6c0-23ab79e775d7
[21:08:47] Spawning window: 0fe6f42c-654c-495a-aed9-acd4798ff3ba
[21:08:47] Closed window: 0fe6f42c-654c-495a-aed9-acd4798ff3ba
[21:08:47] Closed window: 4a6a6f2d-a592-4f9d-9177-c8ebdbfedfbe
[21:08:47] Closed window: ff73600e-b623-4a09-b6c0-23ab79e775d7
[21:08:47] Spawning window: 8bf4091d-59f9-42f6-bc1e-9e1dc45897d2
[21:08:47] Closed window: 8bf4091d-59f9-42f6-bc1e-9e1dc45897d2
[21:08:47] Spawning window: dccde0f8-8eeb-4140-adb4-d66f335e7b44
[21:08:47] Closed window: dccde0f8-8eeb-4140-adb4-d66f335e7b44
[21:08:47] Spawning window: 57db9fd8-59b3-4e6d-b127-c67a21ea3cf5
[21:08:47] Spawning window: 5b6f5693-d8c6-4008-9301-e69037e38396
[21:08:47] Spawning window: 1f520e9b-e9d7-42ef-86c6-b3612733653e
[21:08:47] Closed window: 57db9fd8-59b3-4e6d-b127-c67a21ea3cf5
[21:08:47] Closed window: 5b6f5693-d8c6-4008-9301-e69037e38396
[21:08:47] Closed window: 1f520e9b-e9d7-42ef-86c6-b3612733653e
[21:08:47] Spawning window: 57db9fd8-59b3-4e6d-b127-c67a21ea3cf5
[21:08:47] Spawning window: 5b6f5693-d8c6-4008-9301-e69037e38396
[21:08:47] Spawning window: 1f520e9b-e9d7-42ef-86c6-b3612733653e
[21:08:47] Closed window: 1f520e9b-e9d7-42ef-86c6-b3612733653e
[21:08:47] Closed window: 57db9fd8-59b3-4e6d-b127-c67a21ea3cf5
[21:08:47] Closed window: 5b6f5693-d8c6-4008-9301-e69037e38396
[21:08:47] Spawning window: dccde0f8-8eeb-4140-adb4-d66f335e7b44
[21:08:47] Closed window: dccde0f8-8eeb-4140-adb4-d66f335e7b44
[21:08:47] Spawning window: 151b185e-a569-426c-bf8e-ec522452973d
[21:08:47] Closed window: 151b185e-a569-426c-bf8e-ec522452973d
[21:08:47] Spawning window: 3e3a0459-0d07-42a4-83e7-ba316fbe5bc9
[21:08:47] Spawning window: 6e3a797d-fc59-4e2d-beca-c839745ac7ae
[21:08:47] Closed window: 3e3a0459-0d07-42a4-83e7-ba316fbe5bc9
[21:08:47] Closed window: 6e3a797d-fc59-4e2d-beca-c839745ac7ae
[21:08:47] Spawning window: 3e3a0459-0d07-42a4-83e7-ba316fbe5bc9
[21:08:47] Spawning window: 6e3a797d-fc59-4e2d-beca-c839745ac7ae
[21:08:47] Spawning window: d9ad6832-2069-47f6-b227-bdd74fb62601
[21:08:47] Closed window: d9ad6832-2069-47f6-b227-bdd74fb62601
[21:08:47] Closed window: 3e3a0459-0d07-42a4-83e7-ba316fbe5bc9
[21:08:47] Closed window: 6e3a797d-fc59-4e2d-beca-c839745ac7ae
[21:08:47] Spawning window: 151b185e-a569-426c-bf8e-ec522452973d
[21:08:47] Closed window: 151b185e-a569-426c-bf8e-ec522452973d
[21:08:47] Spawning window: f7901a55-7ce7-4c9f-9663-13676fe07a90
[21:08:47] Closed window: f7901a55-7ce7-4c9f-9663-13676fe07a90
[21:08:47] Spawning window: 20ea17c7-3f00-45f5-ba5f-e2f170e22a41
[21:08:47] Spawning window: 5cda855b-fd19-4d81-860f-3207affd3316
[21:08:47] Spawning window: ce15ee66-0771-4070-9f6f-bcb59287246d
[21:08:48] Closed window: 20ea17c7-3f00-45f5-ba5f-e2f170e22a41
[21:08:48] Closed window: 5cda855b-fd19-4d81-860f-3207affd3316
[21:08:48] Closed window: ce15ee66-0771-4070-9f6f-bcb59287246d
[21:08:48] Spawning window: 20ea17c7-3f00-45f5-ba5f-e2f170e22a41
[21:08:48] Spawning window: 5cda855b-fd19-4d81-860f-3207affd3316
[21:08:48] Spawning window: ce15ee66-0771-4070-9f6f-bcb59287246d
[21:08:48] Closed window: 20ea17c7-3f00-45f5-ba5f-e2f170e22a41
[21:08:48] Closed window: 5cda855b-fd19-4d81-860f-3207affd3316
[21:08:48] Closed window: ce15ee66-0771-4070-9f6f-bcb59287246d
[21:08:48] Spawning window: f7901a55-7ce7-4c9f-9663-13676fe07a90
[21:08:48] Closed window: f7901a55-7ce7-4c9f-9663-13676fe07a90
[21:08:50] Spawning window: 33825622-d281-4d15-a10c-b7c04aa02d80
[21:08:50] Closed window: 33825622-d281-4d15-a10c-b7c04aa02d80
[21:08:50] Spawning window: f70857ae-d1d2-4275-ae58-e18e2d25d9cb
[21:08:50] Spawning window: 463dff01-1ccf-496f-9cf8-4afde2e70a45
[21:08:50] Spawning window: dfdad412-403d-4d94-b51b-a6c8fd792492
[21:08:50] Closed window: dfdad412-403d-4d94-b51b-a6c8fd792492
[21:08:50] Spawning window: dfdad412-403d-4d94-b51b-a6c8fd792492
[21:08:50] Closed window: dfdad412-403d-4d94-b51b-a6c8fd792492
[21:08:50] Closed window: f70857ae-d1d2-4275-ae58-e18e2d25d9cb
[21:08:50] Closed window: 463dff01-1ccf-496f-9cf8-4afde2e70a45
[21:08:50] Spawning window: 33825622-d281-4d15-a10c-b7c04aa02d80
[21:08:50] Closed window: 33825622-d281-4d15-a10c-b7c04aa02d80
[21:08:50] Spawning window: 37920914-7ccf-49ee-bbde-fde7e12c84b2
[21:08:50] Closed window: 37920914-7ccf-49ee-bbde-fde7e12c84b2
[21:08:50] Spawning window: 7901f429-5484-4069-8f5c-c2c6fe8e05f8
[21:08:50] Spawning window: cf29ab4c-0948-4832-b883-433204829302
[21:08:50] Spawning window: f2477e05-fb13-4988-be46-9a71b738c926
[21:08:50] Closed window: f2477e05-fb13-4988-be46-9a71b738c926
[21:08:50] Closed window: 7901f429-5484-4069-8f5c-c2c6fe8e05f8
[21:08:50] Closed window: cf29ab4c-0948-4832-b883-433204829302
[21:08:50] Spawning window: 7901f429-5484-4069-8f5c-c2c6fe8e05f8
[21:08:50] Spawning window: cf29ab4c-0948-4832-b883-433204829302
[21:08:50] Spawning window: f2477e05-fb13-4988-be46-9a71b738c926
[21:08:50] Closed window: f2477e05-fb13-4988-be46-9a71b738c926
[21:08:50] Spawning window: f2477e05-fb13-4988-be46-9a71b738c926
[21:08:50] Closed window: 7901f429-5484-4069-8f5c-c2c6fe8e05f8
[21:08:50] Closed window: cf29ab4c-0948-4832-b883-433204829302
[21:08:50] Closed window: f2477e05-fb13-4988-be46-9a71b738c926
[21:08:50] Spawning window: 37920914-7ccf-49ee-bbde-fde7e12c84b2
[21:08:50] Closed window: 37920914-7ccf-49ee-bbde-fde7e12c84b2
[21:08:50] Spawning window: 1a1f9fbf-71ff-46df-ab8c-ed9c3dafd42f
[21:08:50] Closed window: 1a1f9fbf-71ff-46df-ab8c-ed9c3dafd42f
[21:08:50] Spawning window: 120725e6-8258-4172-b2be-70bea2d4fe0b
[21:08:50] Spawning window: 64cf39ac-9109-44f3-9858-33d87781a02d
[21:08:50] Spawning window: 2f645089-a006-48b6-81a2-4788abc12798
[21:08:50] Closed window: 2f645089-a006-48b6-81a2-4788abc12798
[21:08:50] Closed window: 120725e6-8258-4172-b2be-70bea2d4fe0b
[21:08:50] Closed window: 64cf39ac-9109-44f3-9858-33d87781a02d
[21:08:51] Spawning window: 120725e6-8258-4172-b2be-70bea2d4fe0b
[21:08:51] Spawning window: 64cf39ac-9109-44f3-9858-33d87781a02d
[21:08:51] Spawning window: 2f645089-a006-48b6-81a2-4788abc12798
[21:08:51] Closed window: 2f645089-a006-48b6-81a2-4788abc12798
[21:08:51] Closed window: 120725e6-8258-4172-b2be-70bea2d4fe0b
[21:08:51] Closed window: 64cf39ac-9109-44f3-9858-33d87781a02d
[21:08:51] Spawning window: 1a1f9fbf-71ff-46df-ab8c-ed9c3dafd42f
[21:08:51] Closed window: 1a1f9fbf-71ff-46df-ab8c-ed9c3dafd42f
[21:08:51] Spawning window: 311f2fca-c575-4d37-a3e5-cac952d6e7a1
[21:08:51] Closed window: 311f2fca-c575-4d37-a3e5-cac952d6e7a1
[21:08:51] Spawning window: fdec433c-c1dc-4cbf-a2bc-e2a8beffa016
[21:08:51] Spawning window: a3f813d5-dfeb-468d-91b1-b1e39afa84de
[21:08:51] Spawning window: 51532e60-7986-4e93-b04a-909a936126ac
[21:08:51] Closed window: 51532e60-7986-4e93-b04a-909a936126ac
[21:08:51] Closed window: fdec433c-c1dc-4cbf-a2bc-e2a8beffa016
[21:08:51] Closed window: a3f813d5-dfeb-468d-91b1-b1e39afa84de
[21:08:51] Spawning window: fdec433c-c1dc-4cbf-a2bc-e2a8beffa016
[21:08:51] Spawning window: a3f813d5-dfeb-468d-91b1-b1e39afa84de
[21:08:51] Spawning window: 51532e60-7986-4e93-b04a-909a936126ac
[21:08:51] Closed window: 51532e60-7986-4e93-b04a-909a936126ac
[21:08:51] Closed window: fdec433c-c1dc-4cbf-a2bc-e2a8beffa016
[21:08:51] Closed window: a3f813d5-dfeb-468d-91b1-b1e39afa84de
[21:08:51] Spawning window: 311f2fca-c575-4d37-a3e5-cac952d6e7a1
[21:08:51] Closed window: 311f2fca-c575-4d37-a3e5-cac952d6e7a1
[21:08:51] Spawning window: da52cbc1-94e5-4df0-a765-751ef274a2fe
[21:08:51] Spawning window: d927c185-33fe-4595-b3e5-9642c8a034be
[21:08:51] Spawning window: 994e343c-1e8c-4c2b-8234-ee5d770497d4
[21:08:51] Closed window: da52cbc1-94e5-4df0-a765-751ef274a2fe
[21:08:51] Closed window: d927c185-33fe-4595-b3e5-9642c8a034be
[21:08:51] Closed window: 994e343c-1e8c-4c2b-8234-ee5d770497d4
[21:08:51] Spawning window: da52cbc1-94e5-4df0-a765-751ef274a2fe
[21:08:51] Spawning window: d927c185-33fe-4595-b3e5-9642c8a034be
[21:08:51] Spawning window: 994e343c-1e8c-4c2b-8234-ee5d770497d4
[21:08:51] Closed window: 994e343c-1e8c-4c2b-8234-ee5d770497d4
[21:08:51] Closed window: da52cbc1-94e5-4df0-a765-751ef274a2fe
[21:08:51] Closed window: d927c185-33fe-4595-b3e5-9642c8a034be
[21:08:51] Spawning window: 311f2fca-c575-4d37-a3e5-cac952d6e7a1
[21:08:51] Closed window: 311f2fca-c575-4d37-a3e5-cac952d6e7a1
[21:08:51] Spawning window: 9bd9fba2-b665-41e3-bd11-98f8a35cb566
[21:08:51] Closed window: 9bd9fba2-b665-41e3-bd11-98f8a35cb566
[21:08:58] Spawning window: 3256ae28-c7d3-43f2-8d91-ca0a7dc8c85d
[21:08:59] Closed window: 3256ae28-c7d3-43f2-8d91-ca0a7dc8c85d
[21:08:59] Spawning window: 7c055ad5-f0e2-460a-902a-920564fce77e
[21:08:59] Spawning window: dadc64df-a557-4228-9bb1-292e2b4f1917
[21:08:59] Spawning window: d14c51af-ac44-4b11-9710-24f754899b18
[21:08:59] Closed window: d14c51af-ac44-4b11-9710-24f754899b18
[21:08:59] Closed window: 7c055ad5-f0e2-460a-902a-920564fce77e
[21:08:59] Closed window: dadc64df-a557-4228-9bb1-292e2b4f1917
[21:08:59] Spawning window: 3256ae28-c7d3-43f2-8d91-ca0a7dc8c85d
[21:08:59] Closed window: 3256ae28-c7d3-43f2-8d91-ca0a7dc8c85d
[21:08:59] Spawning window: 1fe8217a-ce3e-4609-8442-b8f898bea12f
[21:08:59] Closed window: 1fe8217a-ce3e-4609-8442-b8f898bea12f
[21:08:59] Spawning window: 67d60dbb-5787-4a48-a865-6f077b781b3a
[21:08:59] Spawning window: 0b28beb3-18a4-48d6-ae17-5eac40b0c731
[21:08:59] Spawning window: eb786813-08d3-4371-ae84-b369574c91ee
[21:09:00] Closed window: eb786813-08d3-4371-ae84-b369574c91ee
[21:09:00] Closed window: 67d60dbb-5787-4a48-a865-6f077b781b3a
[21:09:00] Closed window: 0b28beb3-18a4-48d6-ae17-5eac40b0c731
[21:09:00] Spawning window: 1fe8217a-ce3e-4609-8442-b8f898bea12f
[21:09:00] Closed window: 1fe8217a-ce3e-4609-8442-b8f898bea12f
[21:09:00] Spawning window: a4f60d35-8d69-42a8-9004-9b4b903e254d
[21:09:00] Closed window: a4f60d35-8d69-42a8-9004-9b4b903e254d
[21:09:00] Spawning window: 44b20f13-eaf6-42ae-9576-f4c810e9410a
[21:09:00] Spawning window: 7a28c880-b0ea-4ade-b07a-ec5faaf90e54
[21:09:00] Spawning window: 99a7758c-2187-4717-933c-f30e8224d84f
[21:09:01] Closed window: 99a7758c-2187-4717-933c-f30e8224d84f
[21:09:01] Spawning window: 99a7758c-2187-4717-933c-f30e8224d84f
[21:09:01] Closed window: 99a7758c-2187-4717-933c-f30e8224d84f
[21:09:01] Closed window: 44b20f13-eaf6-42ae-9576-f4c810e9410a
[21:09:01] Closed window: 7a28c880-b0ea-4ade-b07a-ec5faaf90e54
[21:09:01] Spawning window: a4f60d35-8d69-42a8-9004-9b4b903e254d
[21:09:01] Closed window: a4f60d35-8d69-42a8-9004-9b4b903e254d
[21:09:02] Spawning window: fb00ee79-54f4-4b02-9520-ec8a68b1def6
[21:09:02] Closed window: fb00ee79-54f4-4b02-9520-ec8a68b1def6
[21:09:02] Spawning window: 19b2924b-be6d-4910-a092-10917658c630
[21:09:02] Spawning window: dc75aae9-d037-455e-9eb9-b0128d8a86cc
[21:09:02] Spawning window: 63b2dca4-461b-4808-be90-4839b481a48d
[21:09:02] Closed window: 63b2dca4-461b-4808-be90-4839b481a48d
[21:09:02] Spawning window: 63b2dca4-461b-4808-be90-4839b481a48d
[21:09:02] Closed window: 63b2dca4-461b-4808-be90-4839b481a48d
[21:09:02] Spawning window: 63b2dca4-461b-4808-be90-4839b481a48d
[21:09:02] Closed window: 63b2dca4-461b-4808-be90-4839b481a48d
[21:09:02] Closed window: 19b2924b-be6d-4910-a092-10917658c630
[21:09:02] Closed window: dc75aae9-d037-455e-9eb9-b0128d8a86cc
[21:09:02] Spawning window: fb00ee79-54f4-4b02-9520-ec8a68b1def6
[21:09:02] Closed window: fb00ee79-54f4-4b02-9520-ec8a68b1def6
[21:09:02] Spawning window: 31dcc74d-6ecb-462a-993e-f9674010da69
[21:09:02] Closed window: 31dcc74d-6ecb-462a-993e-f9674010da69
[21:09:02] Spawning window: f31c157d-4e1d-4c9c-995d-1973440dd70d
[21:09:02] Spawning window: ff5325e2-544a-456d-a53a-891f5f576ca6
[21:09:02] Spawning window: 89d23341-620c-47cd-8c00-5d3deb4a8116
[21:09:02] Closed window: 89d23341-620c-47cd-8c00-5d3deb4a8116
[21:09:02] Spawning window: 89d23341-620c-47cd-8c00-5d3deb4a8116
[21:09:02] Closed window: 89d23341-620c-47cd-8c00-5d3deb4a8116
[21:09:02] Spawning window: 89d23341-620c-47cd-8c00-5d3deb4a8116
[21:09:02] Closed window: 89d23341-620c-47cd-8c00-5d3deb4a8116
[21:09:02] Closed window: f31c157d-4e1d-4c9c-995d-1973440dd70d
[21:09:02] Closed window: ff5325e2-544a-456d-a53a-891f5f576ca6
[21:09:02] Spawning window: 31dcc74d-6ecb-462a-993e-f9674010da69
[21:09:03] Closed window: 31dcc74d-6ecb-462a-993e-f9674010da69
[21:09:03] Spawning window: 8d3dbee7-fa54-4d3b-9802-0bc805aa8175
[21:09:03] Closed window: 8d3dbee7-fa54-4d3b-9802-0bc805aa8175
[21:09:03] Spawning window: 16579e5e-5b56-430c-85ba-a46ad77509ee
[21:09:03] Spawning window: a4ca76de-255a-430c-b0b7-ef6c1478c65c
[21:09:03] Spawning window: c10a2ab7-caa6-4279-9921-35f5e34bb38b
[21:09:03] Closed window: c10a2ab7-caa6-4279-9921-35f5e34bb38b
[21:09:03] Spawning window: c10a2ab7-caa6-4279-9921-35f5e34bb38b
[21:09:03] Closed window: c10a2ab7-caa6-4279-9921-35f5e34bb38b
[21:09:03] Closed window: 16579e5e-5b56-430c-85ba-a46ad77509ee
[21:09:03] Closed window: a4ca76de-255a-430c-b0b7-ef6c1478c65c
[21:09:03] Spawning window: 8d3dbee7-fa54-4d3b-9802-0bc805aa8175
[21:09:03] Closed window: 8d3dbee7-fa54-4d3b-9802-0bc805aa8175
[21:09:03] Spawning window: babfd608-e109-44b8-b7b2-6ec54d76dc16
[21:09:03] Closed window: babfd608-e109-44b8-b7b2-6ec54d76dc16
[21:09:03] Spawning window: e799ad01-7c17-4aac-b01a-d8e5d50bcd26
[21:09:03] Spawning window: 0184ef65-17e5-4df7-9e01-9832382b256d
[21:09:03] Spawning window: ff5eef41-50af-46d2-bfd3-ae2e72f895e0
[21:09:03] Closed window: ff5eef41-50af-46d2-bfd3-ae2e72f895e0
[21:09:03] Spawning window: ff5eef41-50af-46d2-bfd3-ae2e72f895e0
[21:09:03] Closed window: ff5eef41-50af-46d2-bfd3-ae2e72f895e0
[21:09:03] Closed window: e799ad01-7c17-4aac-b01a-d8e5d50bcd26
[21:09:03] Closed window: 0184ef65-17e5-4df7-9e01-9832382b256d
[21:09:03] Spawning window: babfd608-e109-44b8-b7b2-6ec54d76dc16
[21:09:03] Closed window: babfd608-e109-44b8-b7b2-6ec54d76dc16
[21:09:03] Spawning window: 8bf567b7-d493-4e63-95fc-baf1fa6501ee
[21:09:03] Closed window: 8bf567b7-d493-4e63-95fc-baf1fa6501ee
[21:09:03] Spawning window: 2beca1c5-950b-4a27-962d-0d11970086de
[21:09:03] Spawning window: 09f4a880-cdef-46e3-b8da-eba87d23860c
[21:09:03] Spawning window: 4e4d7bfb-d4fe-4762-bcd4-28940153b43d
[21:09:03] Closed window: 4e4d7bfb-d4fe-4762-bcd4-28940153b43d
[21:09:03] Spawning window: 4e4d7bfb-d4fe-4762-bcd4-28940153b43d
[21:09:03] Closed window: 4e4d7bfb-d4fe-4762-bcd4-28940153b43d
[21:09:03] Closed window: 2beca1c5-950b-4a27-962d-0d11970086de
[21:09:03] Closed window: 09f4a880-cdef-46e3-b8da-eba87d23860c
[21:09:03] Spawning window: 8bf567b7-d493-4e63-95fc-baf1fa6501ee
[21:09:03] Closed window: 8bf567b7-d493-4e63-95fc-baf1fa6501ee
[21:09:04] Spawning window: 8bcea58e-f513-4f11-8f26-601abe1bcb0e
[21:09:04] Closed window: 8bcea58e-f513-4f11-8f26-601abe1bcb0e
[21:09:04] Spawning window: a3f8d9ff-944b-4d64-bbb3-63ca28c77ec7
[21:09:04] Spawning window: a1bce998-906a-4e50-9a15-0cc9955f826a
[21:09:04] Spawning window: 958de490-2f39-431b-be7b-e25d59fdd76e
[21:09:04] Closed window: 958de490-2f39-431b-be7b-e25d59fdd76e
[21:09:04] Spawning window: 958de490-2f39-431b-be7b-e25d59fdd76e
[21:09:04] Closed window: 958de490-2f39-431b-be7b-e25d59fdd76e
[21:09:04] Spawning window: 958de490-2f39-431b-be7b-e25d59fdd76e
[21:09:04] Closed window: 958de490-2f39-431b-be7b-e25d59fdd76e
[21:09:04] Closed window: a3f8d9ff-944b-4d64-bbb3-63ca28c77ec7
[21:09:04] Closed window: a1bce998-906a-4e50-9a15-0cc9955f826a
[21:09:04] Spawning window: 8bcea58e-f513-4f11-8f26-601abe1bcb0e
[21:09:04] Closed window: 8bcea58e-f513-4f11-8f26-601abe1bcb0e
[21:09:04] Spawning window: 4d293d54-ecb1-4df1-9c56-9986f022cb47
[21:09:04] Closed window: 4d293d54-ecb1-4df1-9c56-9986f022cb47
[21:09:04] Spawning window: 5149a454-7ac5-46ba-8310-20eced4a746b
[21:09:04] Spawning window: 804e6e3e-453b-4b47-9275-b4b9cc9eb68f
[21:09:04] Spawning window: 5440f3a2-ea05-4694-b511-5c4e2eda0c69
[21:09:04] Closed window: 5440f3a2-ea05-4694-b511-5c4e2eda0c69
[21:09:04] Spawning window: 5440f3a2-ea05-4694-b511-5c4e2eda0c69
[21:09:04] Closed window: 5440f3a2-ea05-4694-b511-5c4e2eda0c69
[21:09:04] Closed window: 5149a454-7ac5-46ba-8310-20eced4a746b
[21:09:04] Closed window: 804e6e3e-453b-4b47-9275-b4b9cc9eb68f
[21:09:04] Spawning window: 4d293d54-ecb1-4df1-9c56-9986f022cb47
[21:09:04] Closed window: 4d293d54-ecb1-4df1-9c56-9986f022cb47
[21:09:04] Spawning window: e53908c9-d49f-47f2-a2be-0d970a4cd14a
[21:09:04] Closed window: e53908c9-d49f-47f2-a2be-0d970a4cd14a
[21:09:04] Spawning window: 13a83844-5b96-46a5-8907-ddae29a47a60
[21:09:04] Spawning window: cab1640c-0d04-4763-91be-adec5a017263
[21:09:04] Spawning window: 30ceff06-3b59-4634-9e2c-6f63bf251456
[21:09:04] Closed window: 30ceff06-3b59-4634-9e2c-6f63bf251456
[21:09:04] Spawning window: 30ceff06-3b59-4634-9e2c-6f63bf251456
[21:09:04] Closed window: 30ceff06-3b59-4634-9e2c-6f63bf251456
[21:09:04] Spawning window: 30ceff06-3b59-4634-9e2c-6f63bf251456
[21:09:04] Closed window: 30ceff06-3b59-4634-9e2c-6f63bf251456
[21:09:04] Closed window: 13a83844-5b96-46a5-8907-ddae29a47a60
[21:09:04] Closed window: cab1640c-0d04-4763-91be-adec5a017263
[21:09:04] Spawning window: e53908c9-d49f-47f2-a2be-0d970a4cd14a
[21:09:05] Closed window: e53908c9-d49f-47f2-a2be-0d970a4cd14a
[21:09:05] Spawning window: de85b77a-769f-44a9-ba0d-b4ba68d6bc23
[21:09:05] Closed window: de85b77a-769f-44a9-ba0d-b4ba68d6bc23
[21:09:05] Spawning window: a4986bca-5f4a-4889-9849-5290c683f501
[21:09:05] Spawning window: 63de5631-ec95-44b8-ab06-a876c290fd42
[21:09:05] Spawning window: 09122d08-4d35-4eed-bcc7-f5cfa8309452
[21:09:05] Closed window: 09122d08-4d35-4eed-bcc7-f5cfa8309452
[21:09:05] Spawning window: 09122d08-4d35-4eed-bcc7-f5cfa8309452
[21:09:05] Closed window: 09122d08-4d35-4eed-bcc7-f5cfa8309452
[21:09:05] Spawning window: 09122d08-4d35-4eed-bcc7-f5cfa8309452
[21:09:05] Closed window: 09122d08-4d35-4eed-bcc7-f5cfa8309452
[21:09:05] Closed window: a4986bca-5f4a-4889-9849-5290c683f501
[21:09:05] Closed window: 63de5631-ec95-44b8-ab06-a876c290fd42
[21:09:05] Spawning window: de85b77a-769f-44a9-ba0d-b4ba68d6bc23
[21:09:05] Closed window: de85b77a-769f-44a9-ba0d-b4ba68d6bc23
[21:09:05] Spawning window: bb6d3d86-a5bd-442c-a5cf-e12b2427404d
[21:09:05] Closed window: bb6d3d86-a5bd-442c-a5cf-e12b2427404d
[21:09:05] Spawning window: 2d7e861b-d3cd-4d98-81b9-3b478bb23684
[21:09:05] Spawning window: d89f079a-6b11-4308-a6fa-5546cf59c35c
[21:09:05] Spawning window: 602a6f77-5976-4d21-bece-97080481b9c1
[21:09:05] Closed window: 602a6f77-5976-4d21-bece-97080481b9c1
[21:09:05] Spawning window: 602a6f77-5976-4d21-bece-97080481b9c1
[21:09:05] Closed window: 602a6f77-5976-4d21-bece-97080481b9c1
[21:09:05] Spawning window: 602a6f77-5976-4d21-bece-97080481b9c1
[21:09:05] Closed window: 602a6f77-5976-4d21-bece-97080481b9c1
[21:09:05] Closed window: 2d7e861b-d3cd-4d98-81b9-3b478bb23684
[21:09:05] Closed window: d89f079a-6b11-4308-a6fa-5546cf59c35c
[21:09:05] Spawning window: bb6d3d86-a5bd-442c-a5cf-e12b2427404d
[21:09:05] Closed window: bb6d3d86-a5bd-442c-a5cf-e12b2427404d
[21:09:05] Spawning window: 872cfe75-1f6e-4b59-9d8b-65874e058e73
[21:09:05] Closed window: 872cfe75-1f6e-4b59-9d8b-65874e058e73
[21:09:05] Spawning window: 2c59f0c3-e3de-4a59-b0a3-f9b04aed73dc
[21:09:05] Spawning window: 0543bbe5-ffa0-49bc-b0f6-4eebc2633dba
[21:09:05] Spawning window: 6d2db69c-4d20-4e34-ac7a-6e3ac7d74035
[21:09:05] Closed window: 6d2db69c-4d20-4e34-ac7a-6e3ac7d74035
[21:09:05] Spawning window: 6d2db69c-4d20-4e34-ac7a-6e3ac7d74035
[21:09:05] Closed window: 6d2db69c-4d20-4e34-ac7a-6e3ac7d74035
[21:09:05] Spawning window: 6d2db69c-4d20-4e34-ac7a-6e3ac7d74035
[21:09:05] Closed window: 6d2db69c-4d20-4e34-ac7a-6e3ac7d74035
[21:09:05] Closed window: 2c59f0c3-e3de-4a59-b0a3-f9b04aed73dc
[21:09:05] Closed window: 0543bbe5-ffa0-49bc-b0f6-4eebc2633dba
[21:09:05] Spawning window: 872cfe75-1f6e-4b59-9d8b-65874e058e73
[21:09:05] Closed window: 872cfe75-1f6e-4b59-9d8b-65874e058e73
[21:09:06] Spawning window: 94b7a92a-19b1-41de-95f8-4621a5b2b1f9
[21:09:06] Closed window: 94b7a92a-19b1-41de-95f8-4621a5b2b1f9
[21:09:06] Spawning window: fb3db973-8df4-4369-b67e-488b6247e103
[21:09:06] Spawning window: 49a00f01-1569-4c61-ab2f-f1edd4e1c337
[21:09:06] Spawning window: fcca5056-6838-4435-9d9d-d4d40a7aa635
[21:09:06] Closed window: fcca5056-6838-4435-9d9d-d4d40a7aa635
[21:09:06] Spawning window: fcca5056-6838-4435-9d9d-d4d40a7aa635
[21:09:06] Closed window: fcca5056-6838-4435-9d9d-d4d40a7aa635
[21:09:06] Spawning window: fcca5056-6838-4435-9d9d-d4d40a7aa635
[21:09:06] Closed window: fcca5056-6838-4435-9d9d-d4d40a7aa635
[21:09:06] Closed window: fb3db973-8df4-4369-b67e-488b6247e103
[21:09:06] Closed window: 49a00f01-1569-4c61-ab2f-f1edd4e1c337
[21:09:06] Spawning window: 94b7a92a-19b1-41de-95f8-4621a5b2b1f9
[21:09:06] Closed window: 94b7a92a-19b1-41de-95f8-4621a5b2b1f9
[21:09:06] Spawning window: e30167bf-aa25-43eb-82f1-bfe1c949b58b
[21:09:06] Closed window: e30167bf-aa25-43eb-82f1-bfe1c949b58b
[21:09:06] Spawning window: bccd9476-8e50-4874-8616-718a52dc0901
[21:09:06] Spawning window: 4e25b310-ca25-4b43-b06d-10b4682ead5f
[21:09:06] Spawning window: e69a6f36-becd-4ca4-b267-0db75cf27fef
[21:09:06] Closed window: e69a6f36-becd-4ca4-b267-0db75cf27fef
[21:09:06] Spawning window: e69a6f36-becd-4ca4-b267-0db75cf27fef
[21:09:06] Closed window: e69a6f36-becd-4ca4-b267-0db75cf27fef
[21:09:06] Spawning window: e69a6f36-becd-4ca4-b267-0db75cf27fef
[21:09:06] Closed window: e69a6f36-becd-4ca4-b267-0db75cf27fef
[21:09:06] Closed window: bccd9476-8e50-4874-8616-718a52dc0901
[21:09:06] Closed window: 4e25b310-ca25-4b43-b06d-10b4682ead5f
[21:09:06] Spawning window: e30167bf-aa25-43eb-82f1-bfe1c949b58b
[21:09:06] Closed window: e30167bf-aa25-43eb-82f1-bfe1c949b58b
[21:09:06] Spawning window: 1f1bafc8-76e0-4b9b-8dd4-aa291a8e7ed8
[21:09:06] Closed window: 1f1bafc8-76e0-4b9b-8dd4-aa291a8e7ed8
[21:09:06] Spawning window: 82df2720-4ac4-4d96-898f-74392637c891
[21:09:06] Spawning window: d41e5d14-2ed7-454b-ab8b-7db1c94dfca2
[21:09:06] Spawning window: f83730f1-c169-483b-b9e6-f27fd103ba50
[21:09:06] Closed window: f83730f1-c169-483b-b9e6-f27fd103ba50
[21:09:06] Spawning window: f83730f1-c169-483b-b9e6-f27fd103ba50
[21:09:06] Closed window: f83730f1-c169-483b-b9e6-f27fd103ba50
[21:09:06] Spawning window: f83730f1-c169-483b-b9e6-f27fd103ba50
[21:09:06] Closed window: f83730f1-c169-483b-b9e6-f27fd103ba50
[21:09:06] Closed window: 82df2720-4ac4-4d96-898f-74392637c891
[21:09:06] Closed window: d41e5d14-2ed7-454b-ab8b-7db1c94dfca2
[21:09:06] Spawning window: 1f1bafc8-76e0-4b9b-8dd4-aa291a8e7ed8
[21:09:06] Closed window: 1f1bafc8-76e0-4b9b-8dd4-aa291a8e7ed8
[21:09:06] Spawning window: d0c14cdd-45e0-4f1a-8442-2e3655457e0c
[21:09:06] Closed window: d0c14cdd-45e0-4f1a-8442-2e3655457e0c
[21:09:06] Spawning window: 3189d41f-dc03-4ace-8960-387761cba4a0
[21:09:06] Spawning window: 58a0a0a8-47f8-49a8-a2d0-a63601f320e8
[21:09:06] Spawning window: 5dcf1697-2b81-4bc3-92db-c466a5b67884
[21:09:06] Closed window: 5dcf1697-2b81-4bc3-92db-c466a5b67884
[21:09:07] Spawning window: 5dcf1697-2b81-4bc3-92db-c466a5b67884
[21:09:07] Closed window: 5dcf1697-2b81-4bc3-92db-c466a5b67884
[21:09:07] Spawning window: 5dcf1697-2b81-4bc3-92db-c466a5b67884
[21:09:07] Closed window: 5dcf1697-2b81-4bc3-92db-c466a5b67884
[21:09:07] Closed window: 3189d41f-dc03-4ace-8960-387761cba4a0
[21:09:07] Closed window: 58a0a0a8-47f8-49a8-a2d0-a63601f320e8
[21:09:07] Spawning window: d0c14cdd-45e0-4f1a-8442-2e3655457e0c
[21:09:07] Closed window: d0c14cdd-45e0-4f1a-8442-2e3655457e0c
[21:09:07] Spawning window: a6ad639f-620d-482d-a9c4-df7330f134c6
[21:09:07] Closed window: a6ad639f-620d-482d-a9c4-df7330f134c6
[21:09:07] Spawning window: 3ef1e7b1-affc-46bd-a5f6-1bea767924fc
[21:09:07] Spawning window: ef3da314-c3aa-47c3-938a-acb83c281121
[21:09:07] Spawning window: 1ec71e52-1a9e-434d-a827-e1fd1b35aaa7
[21:09:07] Closed window: 1ec71e52-1a9e-434d-a827-e1fd1b35aaa7
[21:09:07] Spawning window: 1ec71e52-1a9e-434d-a827-e1fd1b35aaa7
[21:09:07] Closed window: 1ec71e52-1a9e-434d-a827-e1fd1b35aaa7
[21:09:07] Spawning window: 1ec71e52-1a9e-434d-a827-e1fd1b35aaa7
[21:09:07] Closed window: 1ec71e52-1a9e-434d-a827-e1fd1b35aaa7
[21:09:07] Closed window: 3ef1e7b1-affc-46bd-a5f6-1bea767924fc
[21:09:07] Closed window: ef3da314-c3aa-47c3-938a-acb83c281121
[21:09:07] Spawning window: a6ad639f-620d-482d-a9c4-df7330f134c6
[21:09:07] Closed window: a6ad639f-620d-482d-a9c4-df7330f134c6
[21:09:07] Spawning window: 5e155fe5-4a17-4223-9f2c-6be104a81dde
[21:09:07] Closed window: 5e155fe5-4a17-4223-9f2c-6be104a81dde
[21:09:07] Spawning window: aacfe07c-288f-4430-a6f3-3b932d7ff320
[21:09:07] Spawning window: de4791b4-33e7-4b40-8761-fa266c2cf529
[21:09:07] Spawning window: 6447af0a-f57b-4bc1-8e41-ad10d12bf68f
[21:09:07] Closed window: 6447af0a-f57b-4bc1-8e41-ad10d12bf68f
[21:09:07] Spawning window: 6447af0a-f57b-4bc1-8e41-ad10d12bf68f
[21:09:07] Closed window: 6447af0a-f57b-4bc1-8e41-ad10d12bf68f
[21:09:07] Spawning window: 6447af0a-f57b-4bc1-8e41-ad10d12bf68f
[21:09:07] Closed window: 6447af0a-f57b-4bc1-8e41-ad10d12bf68f
[21:09:07] Closed window: aacfe07c-288f-4430-a6f3-3b932d7ff320
[21:09:07] Closed window: de4791b4-33e7-4b40-8761-fa266c2cf529
[21:09:07] Spawning window: 5e155fe5-4a17-4223-9f2c-6be104a81dde
[21:09:07] Closed window: 5e155fe5-4a17-4223-9f2c-6be104a81dde
[21:09:07] Spawning window: 3277a72a-2bc7-44e3-b628-71a9a7a2a7f1
[21:09:07] Spawning window: 0b891774-22df-445d-a498-c78abffa2be9
[21:09:07] Spawning window: 794d80fe-ec0f-4334-99eb-1821cfb87297
[21:09:07] Closed window: 794d80fe-ec0f-4334-99eb-1821cfb87297
[21:09:07] Spawning window: 794d80fe-ec0f-4334-99eb-1821cfb87297
[21:09:07] Closed window: 794d80fe-ec0f-4334-99eb-1821cfb87297
[21:09:07] Spawning window: 794d80fe-ec0f-4334-99eb-1821cfb87297
[21:09:07] Closed window: 794d80fe-ec0f-4334-99eb-1821cfb87297
[21:09:07] Closed window: 3277a72a-2bc7-44e3-b628-71a9a7a2a7f1
[21:09:07] Closed window: 0b891774-22df-445d-a498-c78abffa2be9
[21:09:07] Spawning window: 5e155fe5-4a17-4223-9f2c-6be104a81dde
[21:09:07] Closed window: 5e155fe5-4a17-4223-9f2c-6be104a81dde
[21:09:07] Spawning window: 37b482cf-342c-43e9-af72-ae7037567a83
[21:09:08] Closed window: 37b482cf-342c-43e9-af72-ae7037567a83
[21:09:08] Spawning window: 1c1463f7-2dcb-423c-b0a3-5356e2c85b40
[21:09:08] Closed window: 1c1463f7-2dcb-423c-b0a3-5356e2c85b40
[21:09:08] Spawning window: a33367b7-e01d-4c90-9f78-6a2a5a3a078c
[21:09:08] Spawning window: a71ade50-c88d-471b-b20c-26b3055fb922
[21:09:08] Spawning window: 5b64bee2-f6f5-49ba-841a-a5e3c5fade24
[21:09:08] Closed window: 5b64bee2-f6f5-49ba-841a-a5e3c5fade24
[21:09:08] Spawning window: 5b64bee2-f6f5-49ba-841a-a5e3c5fade24
[21:09:08] Closed window: 5b64bee2-f6f5-49ba-841a-a5e3c5fade24
[21:09:08] Spawning window: 5b64bee2-f6f5-49ba-841a-a5e3c5fade24
[21:09:08] Closed window: 5b64bee2-f6f5-49ba-841a-a5e3c5fade24
[21:09:08] Closed window: a33367b7-e01d-4c90-9f78-6a2a5a3a078c
[21:09:08] Closed window: a71ade50-c88d-471b-b20c-26b3055fb922
[21:09:08] Spawning window: 1c1463f7-2dcb-423c-b0a3-5356e2c85b40
[21:09:08] Closed window: 1c1463f7-2dcb-423c-b0a3-5356e2c85b40
[21:09:08] Spawning window: ef9a1d54-dc4f-4b85-99d7-7adbd289efdd
[21:09:08] Closed window: ef9a1d54-dc4f-4b85-99d7-7adbd289efdd
[21:09:08] Spawning window: c2825e6b-92b2-4e72-93fc-4de3b53f8dbd
[21:09:08] Spawning window: 26859c7b-cd15-4034-9d02-206cfddb2b6c
[21:09:08] Spawning window: 69ba498d-9fc6-4f12-a463-70e993093d9c
[21:09:08] Closed window: 69ba498d-9fc6-4f12-a463-70e993093d9c
[21:09:08] Closed window: c2825e6b-92b2-4e72-93fc-4de3b53f8dbd
[21:09:08] Closed window: 26859c7b-cd15-4034-9d02-206cfddb2b6c
[21:09:08] Spawning window: ef9a1d54-dc4f-4b85-99d7-7adbd289efdd
[21:09:08] Closed window: ef9a1d54-dc4f-4b85-99d7-7adbd289efdd
[21:09:08] Spawning window: ec5a408f-6853-4998-8ce1-a7a981481760
[21:09:08] Closed window: ec5a408f-6853-4998-8ce1-a7a981481760
[21:09:08] Spawning window: 5db30b94-efba-4833-911f-2392eb7cac7e
[21:09:08] Spawning window: 07e1a458-9a73-496a-aeb2-310e6b682ec5
[21:09:08] Spawning window: 21af1f8a-e343-4ddb-8e50-7efdae4210ec
[21:09:08] Closed window: 21af1f8a-e343-4ddb-8e50-7efdae4210ec
[21:09:08] Spawning window: 21af1f8a-e343-4ddb-8e50-7efdae4210ec
[21:09:08] Closed window: 21af1f8a-e343-4ddb-8e50-7efdae4210ec
[21:09:08] Closed window: 5db30b94-efba-4833-911f-2392eb7cac7e
[21:09:08] Closed window: 07e1a458-9a73-496a-aeb2-310e6b682ec5
[21:09:08] Spawning window: ec5a408f-6853-4998-8ce1-a7a981481760
[21:09:08] Closed window: ec5a408f-6853-4998-8ce1-a7a981481760
[21:09:08] Spawning window: ed799c03-37eb-4698-9386-85dd9209eb4d
[21:09:09] Closed window: ed799c03-37eb-4698-9386-85dd9209eb4d
[21:09:09] Spawning window: fb3c8e09-a878-4232-8103-c1202d370292
[21:09:09] Spawning window: b28dea33-9e9e-4637-99d7-a1912d991941
[21:09:09] Spawning window: 4d8ce859-f782-444d-aa8d-4f70fb841249
[21:09:09] Closed window: 4d8ce859-f782-444d-aa8d-4f70fb841249
[21:09:09] Spawning window: 4d8ce859-f782-444d-aa8d-4f70fb841249
[21:09:09] Closed window: 4d8ce859-f782-444d-aa8d-4f70fb841249
[21:09:09] Closed window: fb3c8e09-a878-4232-8103-c1202d370292
[21:09:09] Closed window: b28dea33-9e9e-4637-99d7-a1912d991941
[21:09:09] Spawning window: ed799c03-37eb-4698-9386-85dd9209eb4d
[21:09:09] Closed window: ed799c03-37eb-4698-9386-85dd9209eb4d
[21:09:09] Spawning window: b988c698-9585-4f53-9728-550f88a23904
[21:09:09] Closed window: b988c698-9585-4f53-9728-550f88a23904
[21:09:09] Spawning window: 2c7d3563-22e8-4747-92bd-310e3a7049f7
[21:09:09] Spawning window: 7f5dbb94-2110-4838-8329-a00a27b5bc04
[21:09:09] Spawning window: d38dbfea-498b-4a70-a292-11527c793f64
[21:09:09] Closed window: d38dbfea-498b-4a70-a292-11527c793f64
[21:09:09] Spawning window: d38dbfea-498b-4a70-a292-11527c793f64
[21:09:09] Closed window: d38dbfea-498b-4a70-a292-11527c793f64
[21:09:09] Spawning window: d38dbfea-498b-4a70-a292-11527c793f64
[21:09:09] Closed window: d38dbfea-498b-4a70-a292-11527c793f64
[21:09:09] Closed window: 2c7d3563-22e8-4747-92bd-310e3a7049f7
[21:09:09] Closed window: 7f5dbb94-2110-4838-8329-a00a27b5bc04
[21:09:09] Spawning window: b988c698-9585-4f53-9728-550f88a23904
[21:09:09] Closed window: b988c698-9585-4f53-9728-550f88a23904
[21:09:09] Spawning window: a98290af-144f-4159-a070-5b45119e4177
[21:09:09] Closed window: a98290af-144f-4159-a070-5b45119e4177
[21:09:09] Spawning window: 97f19000-98e5-4c10-a344-7cbd39e8434c
[21:09:09] Spawning window: fafde5d1-3a13-4ebc-8d06-3b0ee1521a16
[21:09:09] Spawning window: bb7bc83a-a420-47d6-8ce4-7a79d683dc35
[21:09:09] Closed window: bb7bc83a-a420-47d6-8ce4-7a79d683dc35
[21:09:09] Spawning window: bb7bc83a-a420-47d6-8ce4-7a79d683dc35
[21:09:09] Closed window: bb7bc83a-a420-47d6-8ce4-7a79d683dc35
[21:09:09] Spawning window: bb7bc83a-a420-47d6-8ce4-7a79d683dc35
[21:09:09] Closed window: bb7bc83a-a420-47d6-8ce4-7a79d683dc35
[21:09:09] Closed window: 97f19000-98e5-4c10-a344-7cbd39e8434c
[21:09:09] Closed window: fafde5d1-3a13-4ebc-8d06-3b0ee1521a16
[21:09:09] Spawning window: a98290af-144f-4159-a070-5b45119e4177
[21:09:09] Closed window: a98290af-144f-4159-a070-5b45119e4177
[21:09:09] Spawning window: a513e1ac-e22a-4ace-82fb-5097698fd2ba
[21:09:09] Spawning window: b7c57330-a5c2-46f4-babd-9cebb1b9472e
[21:09:09] Spawning window: fa8c106e-20ae-4b53-803e-3782cc50296e
[21:09:09] Closed window: fa8c106e-20ae-4b53-803e-3782cc50296e
[21:09:10] Spawning window: fa8c106e-20ae-4b53-803e-3782cc50296e
[21:09:10] Closed window: fa8c106e-20ae-4b53-803e-3782cc50296e
[21:09:10] Closed window: a513e1ac-e22a-4ace-82fb-5097698fd2ba
[21:09:10] Closed window: b7c57330-a5c2-46f4-babd-9cebb1b9472e
[21:09:10] Spawning window: a98290af-144f-4159-a070-5b45119e4177
[21:09:10] Closed window: a98290af-144f-4159-a070-5b45119e4177
[21:09:10] Spawning window: 8fef2f7c-8094-4e11-bc04-b222db1835b4
[21:09:10] Closed window: 8fef2f7c-8094-4e11-bc04-b222db1835b4
[21:09:10] Spawning window: 44ce45e0-59bc-4f69-a808-f9b685a59b12
[21:09:10] Closed window: 44ce45e0-59bc-4f69-a808-f9b685a59b12
[21:09:10] Spawning window: 768f94e9-3abb-4e36-8137-9b7753fa132c
[21:09:10] Spawning window: 58e4d75b-64fb-48a1-9290-fda1400d71ad
[21:09:10] Spawning window: 8b22e882-8837-4921-ba86-35f27fa7cb82
[21:09:10] Closed window: 8b22e882-8837-4921-ba86-35f27fa7cb82
[21:09:10] Spawning window: 8b22e882-8837-4921-ba86-35f27fa7cb82
[21:09:10] Closed window: 8b22e882-8837-4921-ba86-35f27fa7cb82
[21:09:10] Spawning window: 8b22e882-8837-4921-ba86-35f27fa7cb82
[21:09:10] Closed window: 8b22e882-8837-4921-ba86-35f27fa7cb82
[21:09:10] Closed window: 768f94e9-3abb-4e36-8137-9b7753fa132c
[21:09:10] Closed window: 58e4d75b-64fb-48a1-9290-fda1400d71ad
[21:09:10] Spawning window: 44ce45e0-59bc-4f69-a808-f9b685a59b12
[21:09:10] Closed window: 44ce45e0-59bc-4f69-a808-f9b685a59b12
[21:09:10] Spawning window: dd83ce5b-8824-442e-aa8d-e65183787151
[21:09:10] Closed window: dd83ce5b-8824-442e-aa8d-e65183787151
[21:09:10] Spawning window: d0d4b27a-3904-41d4-bde8-0bfaa04e0826
[21:09:10] Spawning window: 9980fe35-de3f-48b9-8b64-a9f0f810b3f7
[21:09:10] Spawning window: d3a66963-19a7-4e94-baac-96594c6171e9
[21:09:10] Closed window: d3a66963-19a7-4e94-baac-96594c6171e9
[21:09:10] Spawning window: d3a66963-19a7-4e94-baac-96594c6171e9
[21:09:10] Closed window: d3a66963-19a7-4e94-baac-96594c6171e9
[21:09:10] Closed window: d0d4b27a-3904-41d4-bde8-0bfaa04e0826
[21:09:10] Closed window: 9980fe35-de3f-48b9-8b64-a9f0f810b3f7
[21:09:10] Spawning window: dd83ce5b-8824-442e-aa8d-e65183787151
[21:09:10] Closed window: dd83ce5b-8824-442e-aa8d-e65183787151
[21:09:10] Spawning window: b88dd090-5409-46bd-820d-82847969ddc1
[21:09:10] Closed window: b88dd090-5409-46bd-820d-82847969ddc1
[21:09:10] Spawning window: 6ae20962-ae71-48db-bb9b-3a909a672187
[21:09:10] Spawning window: 85eb53c3-e670-4622-a4ea-384fa4ccf804
[21:09:10] Spawning window: 7a442317-3e0c-4136-9d55-735a50b218c2
[21:09:10] Closed window: 7a442317-3e0c-4136-9d55-735a50b218c2
[21:09:11] Spawning window: 7a442317-3e0c-4136-9d55-735a50b218c2
[21:09:11] Closed window: 7a442317-3e0c-4136-9d55-735a50b218c2
[21:09:11] Spawning window: 7a442317-3e0c-4136-9d55-735a50b218c2
[21:09:11] Closed window: 7a442317-3e0c-4136-9d55-735a50b218c2
[21:09:11] Closed window: 6ae20962-ae71-48db-bb9b-3a909a672187
[21:09:11] Closed window: 85eb53c3-e670-4622-a4ea-384fa4ccf804
[21:09:11] Spawning window: b88dd090-5409-46bd-820d-82847969ddc1
[21:09:11] Closed window: b88dd090-5409-46bd-820d-82847969ddc1
[21:09:11] Spawning window: 07c8a482-4ea5-41ba-9ce8-21ac1c4eb8c1
[21:09:11] Closed window: 07c8a482-4ea5-41ba-9ce8-21ac1c4eb8c1
[21:09:11] Spawning window: 52509459-471a-4264-990f-a4c58c3091a3
[21:09:11] Spawning window: e7486d24-205e-46ae-80a9-2c85db059d35
[21:09:11] Spawning window: f612e4ff-089d-4a50-a78a-71c58c50ec82
[21:09:11] Closed window: f612e4ff-089d-4a50-a78a-71c58c50ec82
[21:09:11] Spawning window: f612e4ff-089d-4a50-a78a-71c58c50ec82
[21:09:11] Closed window: f612e4ff-089d-4a50-a78a-71c58c50ec82
[21:09:11] Spawning window: f612e4ff-089d-4a50-a78a-71c58c50ec82
[21:09:11] Closed window: f612e4ff-089d-4a50-a78a-71c58c50ec82
[21:09:11] Closed window: 52509459-471a-4264-990f-a4c58c3091a3
[21:09:11] Closed window: e7486d24-205e-46ae-80a9-2c85db059d35
[21:09:11] Spawning window: 07c8a482-4ea5-41ba-9ce8-21ac1c4eb8c1
[21:09:11] Closed window: 07c8a482-4ea5-41ba-9ce8-21ac1c4eb8c1
[21:09:11] Spawning window: 5116027f-2f67-4c14-a595-a4deae1bf987
[21:09:11] Closed window: 5116027f-2f67-4c14-a595-a4deae1bf987
[21:09:11] Spawning window: 33c560fa-5658-45bb-897a-b3de22d3f2a2
[21:09:11] Spawning window: da81c960-91f0-4c9d-8b0d-80b795b6afef
[21:09:11] Spawning window: d7e24a4e-b8a8-408e-9d8e-48d048db3f31
[21:09:11] Closed window: d7e24a4e-b8a8-408e-9d8e-48d048db3f31
[21:09:12] Spawning window: d7e24a4e-b8a8-408e-9d8e-48d048db3f31
[21:09:12] Closed window: d7e24a4e-b8a8-408e-9d8e-48d048db3f31
[21:09:12] Spawning window: d7e24a4e-b8a8-408e-9d8e-48d048db3f31
[21:09:12] Closed window: d7e24a4e-b8a8-408e-9d8e-48d048db3f31
[21:09:12] Closed window: 33c560fa-5658-45bb-897a-b3de22d3f2a2
[21:09:12] Closed window: da81c960-91f0-4c9d-8b0d-80b795b6afef
[21:09:12] Spawning window: 5116027f-2f67-4c14-a595-a4deae1bf987
[21:09:12] Closed window: 5116027f-2f67-4c14-a595-a4deae1bf987
[21:09:12] Spawning window: ee67a1e2-9571-4f76-af26-c7fa4f52cdb3
[21:09:12] Spawning window: fc388082-5497-4abc-b870-355c9d1b9187
[21:09:12] Spawning window: c277a2ce-3ab6-46ab-b0a3-48a755d5b29a
[21:09:12] Closed window: c277a2ce-3ab6-46ab-b0a3-48a755d5b29a
[21:09:13] Spawning window: c277a2ce-3ab6-46ab-b0a3-48a755d5b29a
[21:09:13] Closed window: c277a2ce-3ab6-46ab-b0a3-48a755d5b29a
[21:09:13] Spawning window: c277a2ce-3ab6-46ab-b0a3-48a755d5b29a
[21:09:13] Closed window: c277a2ce-3ab6-46ab-b0a3-48a755d5b29a
[21:09:13] Closed window: ee67a1e2-9571-4f76-af26-c7fa4f52cdb3
[21:09:13] Closed window: fc388082-5497-4abc-b870-355c9d1b9187
[21:09:13] Spawning window: 5116027f-2f67-4c14-a595-a4deae1bf987
[21:09:13] Closed window: 5116027f-2f67-4c14-a595-a4deae1bf987
[21:09:13] Spawning window: d89c8156-0e83-43dd-989c-784ad18e3a8d
[21:09:13] Closed window: d89c8156-0e83-43dd-989c-784ad18e3a8d
[21:09:13] Spawning window: 0256547b-cd50-4e28-bb15-363020d1e560
[21:09:13] Closed window: 0256547b-cd50-4e28-bb15-363020d1e560
[21:09:13] Spawning window: a802b7f4-6138-4cec-a200-e37b7a1cc4e4
[21:09:13] Spawning window: fde00eff-e297-466e-9699-11ca5271677c
[21:09:13] Spawning window: e9c7f55b-809d-42f8-8abd-2fc96c1525f7
[21:09:13] Closed window: e9c7f55b-809d-42f8-8abd-2fc96c1525f7
[21:09:13] Spawning window: e9c7f55b-809d-42f8-8abd-2fc96c1525f7
[21:09:13] Closed window: e9c7f55b-809d-42f8-8abd-2fc96c1525f7
[21:09:13] Closed window: a802b7f4-6138-4cec-a200-e37b7a1cc4e4
[21:09:13] Closed window: fde00eff-e297-466e-9699-11ca5271677c
[21:09:13] Spawning window: 0256547b-cd50-4e28-bb15-363020d1e560
[21:09:13] Closed window: 0256547b-cd50-4e28-bb15-363020d1e560
[21:09:13] Spawning window: 027cb819-0fc4-4acc-9e70-f2c3a34abfb8
[21:09:13] Closed window: 027cb819-0fc4-4acc-9e70-f2c3a34abfb8
[21:09:13] Spawning window: c00b4ec1-0706-4a5c-b319-3d7cd79fb7a6
[21:09:13] Spawning window: d79a4873-bc4d-4c0d-a262-5bdc778652b1
[21:09:13] Spawning window: 4c49048b-a558-44f3-a910-c5103129f9ce
[21:09:13] Closed window: 4c49048b-a558-44f3-a910-c5103129f9ce
[21:09:13] Spawning window: 4c49048b-a558-44f3-a910-c5103129f9ce
[21:09:13] Closed window: 4c49048b-a558-44f3-a910-c5103129f9ce
[21:09:13] Spawning window: 4c49048b-a558-44f3-a910-c5103129f9ce
[21:09:13] Closed window: 4c49048b-a558-44f3-a910-c5103129f9ce
[21:09:13] Closed window: c00b4ec1-0706-4a5c-b319-3d7cd79fb7a6
[21:09:13] Closed window: d79a4873-bc4d-4c0d-a262-5bdc778652b1
[21:09:13] Spawning window: 027cb819-0fc4-4acc-9e70-f2c3a34abfb8
[21:09:13] Closed window: 027cb819-0fc4-4acc-9e70-f2c3a34abfb8
[21:09:13] Spawning window: 910fb652-27fd-4108-9a0c-757ab4b04a1c
[21:09:13] Closed window: 910fb652-27fd-4108-9a0c-757ab4b04a1c
[21:09:13] Spawning window: 2361f24f-6ddf-4843-b821-33a2b60f4f6a
[21:09:13] Spawning window: 5b97853f-2b3d-4be7-88d8-b3236f5a9106
[21:09:13] Spawning window: 8db322dc-15bd-4600-a1a3-e876836e3207
[21:09:13] Closed window: 8db322dc-15bd-4600-a1a3-e876836e3207
[21:09:14] Spawning window: 8db322dc-15bd-4600-a1a3-e876836e3207
[21:09:14] Closed window: 8db322dc-15bd-4600-a1a3-e876836e3207
[21:09:14] Spawning window: 8db322dc-15bd-4600-a1a3-e876836e3207
[21:09:14] Closed window: 8db322dc-15bd-4600-a1a3-e876836e3207
[21:09:14] Closed window: 2361f24f-6ddf-4843-b821-33a2b60f4f6a
[21:09:14] Closed window: 5b97853f-2b3d-4be7-88d8-b3236f5a9106
[21:09:14] Spawning window: 910fb652-27fd-4108-9a0c-757ab4b04a1c
[21:09:14] Closed window: 910fb652-27fd-4108-9a0c-757ab4b04a1c
[21:09:14] Spawning window: aee7fb29-c241-418c-a851-9c805a766c67
[21:09:14] Closed window: aee7fb29-c241-418c-a851-9c805a766c67
[21:09:14] Spawning window: ecd9ca04-cba5-47ce-b6e6-55f52b431111
[21:09:14] Spawning window: 444118ec-e584-4e1a-afa6-e91117e18c6a
[21:09:14] Spawning window: 5cb01223-466b-4301-89c7-5ff1c24244ff
[21:09:14] Closed window: 5cb01223-466b-4301-89c7-5ff1c24244ff
[21:09:14] Spawning window: 5cb01223-466b-4301-89c7-5ff1c24244ff
[21:09:14] Closed window: 5cb01223-466b-4301-89c7-5ff1c24244ff
[21:09:14] Spawning window: 5cb01223-466b-4301-89c7-5ff1c24244ff
[21:09:14] Closed window: 5cb01223-466b-4301-89c7-5ff1c24244ff
[21:09:14] Closed window: ecd9ca04-cba5-47ce-b6e6-55f52b431111
[21:09:14] Closed window: 444118ec-e584-4e1a-afa6-e91117e18c6a
[21:09:14] Spawning window: aee7fb29-c241-418c-a851-9c805a766c67
[21:09:14] Closed window: aee7fb29-c241-418c-a851-9c805a766c67
[21:09:14] Spawning window: 1dd967d0-ce2c-46d6-b976-c258f37f6f2a
[21:09:14] Closed window: 1dd967d0-ce2c-46d6-b976-c258f37f6f2a
[21:09:14] Spawning window: ea311e88-8d27-4aab-ae20-45f787982365
[21:09:14] Spawning window: cddaa9b4-9032-4840-ab9a-5622b1d861e1
[21:09:14] Spawning window: 4d42cc43-2db0-41de-8026-3f6a9cb61728
[21:09:14] Closed window: 4d42cc43-2db0-41de-8026-3f6a9cb61728
[21:09:14] Spawning window: 4d42cc43-2db0-41de-8026-3f6a9cb61728
[21:09:14] Closed window: 4d42cc43-2db0-41de-8026-3f6a9cb61728
[21:09:14] Spawning window: 4d42cc43-2db0-41de-8026-3f6a9cb61728
[21:09:14] Closed window: 4d42cc43-2db0-41de-8026-3f6a9cb61728
[21:09:14] Closed window: ea311e88-8d27-4aab-ae20-45f787982365
[21:09:14] Closed window: cddaa9b4-9032-4840-ab9a-5622b1d861e1
[21:09:14] Spawning window: c0ad000d-a7b6-4586-8d18-ca3f2f3240e5
[21:09:14] Spawning window: e77c4991-4da9-4f48-b47c-a7bd83f09873
[21:09:14] Spawning window: 6dcfbf4c-2abc-428d-b689-4c9b151e763e
[21:09:14] Closed window: 6dcfbf4c-2abc-428d-b689-4c9b151e763e
[21:09:14] Closed window: c0ad000d-a7b6-4586-8d18-ca3f2f3240e5
[21:09:14] Closed window: e77c4991-4da9-4f48-b47c-a7bd83f09873
[21:09:14] Spawning window: 5aab5450-8793-4452-828a-41878ac2f6b6
[21:09:14] Closed window: 5aab5450-8793-4452-828a-41878ac2f6b6
[21:09:14] Spawning window: 5b04f7ce-494e-4224-938e-550ed0c02125
[21:09:14] Spawning window: 5d8b994c-de0f-42e6-b5bd-ca701c62cf95
[21:09:14] Spawning window: dc609fd5-d50d-4215-b61d-496e001b841b
[21:09:15] Closed window: dc609fd5-d50d-4215-b61d-496e001b841b
[21:09:15] Spawning window: dc609fd5-d50d-4215-b61d-496e001b841b
[21:09:15] Closed window: dc609fd5-d50d-4215-b61d-496e001b841b
[21:09:15] Spawning window: dc609fd5-d50d-4215-b61d-496e001b841b
[21:09:15] Closed window: dc609fd5-d50d-4215-b61d-496e001b841b
[21:09:15] Spawning window: fd3c7c8c-7ebd-4c80-81ef-9190a04bb51b
[21:09:15] Closed window: fd3c7c8c-7ebd-4c80-81ef-9190a04bb51b
[21:09:15] Spawning window: fd3c7c8c-7ebd-4c80-81ef-9190a04bb51b
[21:09:15] Closed window: fd3c7c8c-7ebd-4c80-81ef-9190a04bb51b
[21:09:15] Spawning window: fd3c7c8c-7ebd-4c80-81ef-9190a04bb51b
[21:09:15] Closed window: 5d8b994c-de0f-42e6-b5bd-ca701c62cf95
[21:09:15] Closed window: fd3c7c8c-7ebd-4c80-81ef-9190a04bb51b
[21:09:15] Spawning window: 0cef68a4-8bda-4fd1-8991-3613dd734c0a
[21:09:15] Closed window: 5b04f7ce-494e-4224-938e-550ed0c02125
[21:09:15] Closed window: 0cef68a4-8bda-4fd1-8991-3613dd734c0a
[21:09:15] Spawning window: 5aab5450-8793-4452-828a-41878ac2f6b6
[21:09:15] Closed window: 5aab5450-8793-4452-828a-41878ac2f6b6
[21:09:15] Spawning window: 2816a63a-d282-448e-a8c4-35467aa4f9d5
[21:09:15] Closed window: 2816a63a-d282-448e-a8c4-35467aa4f9d5
[21:09:15] Spawning window: 11d53006-24ec-4f5a-ac77-a6f9c218867c
[21:09:15] Spawning window: 56ba9755-8b36-414a-9328-8b92494e5150
[21:09:15] Spawning window: 34a9235f-124d-425c-8484-7c4be8c8aaef
[21:09:15] Closed window: 34a9235f-124d-425c-8484-7c4be8c8aaef
[21:09:15] Spawning window: 34a9235f-124d-425c-8484-7c4be8c8aaef
[21:09:15] Closed window: 34a9235f-124d-425c-8484-7c4be8c8aaef
[21:09:15] Spawning window: 34a9235f-124d-425c-8484-7c4be8c8aaef
[21:09:15] Closed window: 34a9235f-124d-425c-8484-7c4be8c8aaef
[21:09:15] Closed window: 11d53006-24ec-4f5a-ac77-a6f9c218867c
[21:09:15] Closed window: 56ba9755-8b36-414a-9328-8b92494e5150
[21:09:15] Spawning window: 2816a63a-d282-448e-a8c4-35467aa4f9d5
[21:09:15] Closed window: 2816a63a-d282-448e-a8c4-35467aa4f9d5
[21:09:15] Spawning window: 48ac4416-fa56-4551-ab34-f1e51e8c02e1
[21:09:15] Spawning window: 67303dec-0601-412a-bbe4-1f8d25ccdb29
[21:09:15] Spawning window: a0505dee-5d10-415f-9c1c-60093bf30bfe
[21:09:15] Closed window: a0505dee-5d10-415f-9c1c-60093bf30bfe
[21:09:15] Spawning window: a0505dee-5d10-415f-9c1c-60093bf30bfe
[21:09:15] Closed window: a0505dee-5d10-415f-9c1c-60093bf30bfe
[21:09:15] Spawning window: a0505dee-5d10-415f-9c1c-60093bf30bfe
[21:09:15] Closed window: a0505dee-5d10-415f-9c1c-60093bf30bfe
[21:09:15] Closed window: 48ac4416-fa56-4551-ab34-f1e51e8c02e1
[21:09:15] Closed window: 67303dec-0601-412a-bbe4-1f8d25ccdb29
[21:09:15] Spawning window: 2816a63a-d282-448e-a8c4-35467aa4f9d5
[21:09:15] Closed window: 2816a63a-d282-448e-a8c4-35467aa4f9d5
[21:09:15] Spawning window: 933b6dbd-205f-4ecf-b1d0-b0b114698449
[21:09:15] Closed window: 933b6dbd-205f-4ecf-b1d0-b0b114698449
[21:09:16] Spawning window: 2d051b3f-67e9-47be-80c3-2a9eec92587b
[21:09:16] Closed window: 2d051b3f-67e9-47be-80c3-2a9eec92587b
[21:09:16] Spawning window: 3a5e6d61-ddb4-4baf-8a91-b74ff0f4b81c
[21:09:16] Spawning window: a8bd00d5-4dd8-484d-a212-674c305e5e2a
[21:09:16] Spawning window: 66c31e54-5784-4241-a9d9-07a491724167
[21:09:16] Closed window: 66c31e54-5784-4241-a9d9-07a491724167
[21:09:16] Spawning window: 66c31e54-5784-4241-a9d9-07a491724167
[21:09:16] Closed window: 66c31e54-5784-4241-a9d9-07a491724167
[21:09:16] Spawning window: 66c31e54-5784-4241-a9d9-07a491724167
[21:09:16] Closed window: 66c31e54-5784-4241-a9d9-07a491724167
[21:09:16] Closed window: 3a5e6d61-ddb4-4baf-8a91-b74ff0f4b81c
[21:09:16] Closed window: a8bd00d5-4dd8-484d-a212-674c305e5e2a
[21:09:16] Spawning window: 2d051b3f-67e9-47be-80c3-2a9eec92587b
[21:09:16] Closed window: 2d051b3f-67e9-47be-80c3-2a9eec92587b
[21:09:16] Spawning window: 5be2c489-7b0c-4990-b999-156a8caa0b07
[21:09:16] Spawning window: 3df2fd0f-4934-4f46-a822-7fe28af73825
[21:09:16] Spawning window: 0f6ee989-1ec4-445e-a740-a09f48aae72f
[21:09:16] Closed window: 0f6ee989-1ec4-445e-a740-a09f48aae72f
[21:09:16] Spawning window: 0f6ee989-1ec4-445e-a740-a09f48aae72f
[21:09:16] Closed window: 0f6ee989-1ec4-445e-a740-a09f48aae72f
[21:09:16] Closed window: 5be2c489-7b0c-4990-b999-156a8caa0b07
[21:09:16] Closed window: 3df2fd0f-4934-4f46-a822-7fe28af73825
[21:09:16] Spawning window: 2d051b3f-67e9-47be-80c3-2a9eec92587b
[21:09:16] Closed window: 2d051b3f-67e9-47be-80c3-2a9eec92587b
[21:09:16] Spawning window: b1f1e9eb-3c50-4151-99ca-f29091ba9c0b
[21:09:16] Closed window: b1f1e9eb-3c50-4151-99ca-f29091ba9c0b
[21:09:16] Spawning window: 0aeabd9c-fec8-435c-9288-962ca1b470e7
[21:09:16] Spawning window: 8e68a023-18e0-49b5-a658-f4e5cada46d6
[21:09:16] Spawning window: d706a383-73b5-46db-b5aa-ca831e6d464a
[21:09:16] Closed window: d706a383-73b5-46db-b5aa-ca831e6d464a
[21:09:16] Spawning window: d706a383-73b5-46db-b5aa-ca831e6d464a
[21:09:16] Closed window: d706a383-73b5-46db-b5aa-ca831e6d464a
[21:09:16] Spawning window: d706a383-73b5-46db-b5aa-ca831e6d464a
[21:09:16] Closed window: d706a383-73b5-46db-b5aa-ca831e6d464a
[21:09:16] Closed window: 0aeabd9c-fec8-435c-9288-962ca1b470e7
[21:09:16] Closed window: 8e68a023-18e0-49b5-a658-f4e5cada46d6
[21:09:16] Spawning window: b1f1e9eb-3c50-4151-99ca-f29091ba9c0b
[21:09:16] Closed window: b1f1e9eb-3c50-4151-99ca-f29091ba9c0b
[21:09:16] Spawning window: 7f6c95a9-2d2c-478f-bdf5-b5558ea511b9
[21:09:16] Spawning window: 3263a893-6899-4bea-b04b-32512cfa3bf0
[21:09:16] Spawning window: 9d7b4020-9d4e-43b5-b9f0-4c35e7417c07
[21:09:16] Closed window: 9d7b4020-9d4e-43b5-b9f0-4c35e7417c07
[21:09:16] Spawning window: 9d7b4020-9d4e-43b5-b9f0-4c35e7417c07
[21:09:16] Closed window: 9d7b4020-9d4e-43b5-b9f0-4c35e7417c07
[21:09:16] Spawning window: 9d7b4020-9d4e-43b5-b9f0-4c35e7417c07
[21:09:16] Closed window: 9d7b4020-9d4e-43b5-b9f0-4c35e7417c07
[21:09:16] Closed window: 7f6c95a9-2d2c-478f-bdf5-b5558ea511b9
[21:09:16] Closed window: 3263a893-6899-4bea-b04b-32512cfa3bf0
[21:09:16] Spawning window: b1f1e9eb-3c50-4151-99ca-f29091ba9c0b
[21:09:16] Closed window: b1f1e9eb-3c50-4151-99ca-f29091ba9c0b
[21:09:16] Spawning window: a474f98d-db4e-4032-b040-8d5695d21b54
[21:09:16] Closed window: a474f98d-db4e-4032-b040-8d5695d21b54
[21:09:16] Spawning window: 7e3d3d32-1a0f-4cd4-9c3a-959e5781305f
[21:09:16] Spawning window: dfafc8b5-2c5a-4051-bc84-c5d7eaa61d19
[21:09:16] Spawning window: eafdb81d-d874-4e1c-981e-694aa2a77a0f
[21:09:16] Closed window: eafdb81d-d874-4e1c-981e-694aa2a77a0f
[21:09:17] Spawning window: eafdb81d-d874-4e1c-981e-694aa2a77a0f
[21:09:17] Closed window: eafdb81d-d874-4e1c-981e-694aa2a77a0f
[21:09:17] Spawning window: eafdb81d-d874-4e1c-981e-694aa2a77a0f
[21:09:17] Closed window: eafdb81d-d874-4e1c-981e-694aa2a77a0f
[21:09:17] Closed window: 7e3d3d32-1a0f-4cd4-9c3a-959e5781305f
[21:09:17] Closed window: dfafc8b5-2c5a-4051-bc84-c5d7eaa61d19
[21:09:17] Spawning window: a474f98d-db4e-4032-b040-8d5695d21b54
[21:09:17] Closed window: a474f98d-db4e-4032-b040-8d5695d21b54
[21:09:17] Spawning window: cee6a3d8-9250-4910-b989-bd697e6f17b5
[21:09:17] Closed window: cee6a3d8-9250-4910-b989-bd697e6f17b5
[21:09:17] Spawning window: 1e5b7628-ef4f-4fc7-8790-4bfe47161f65
[21:09:17] Spawning window: 50e2152c-d37a-487c-b50a-a6262d700e95
[21:09:17] Spawning window: 51199243-5d8c-4685-8b58-396c3cf1f91f
[21:09:17] Closed window: 51199243-5d8c-4685-8b58-396c3cf1f91f
[21:09:17] Spawning window: 51199243-5d8c-4685-8b58-396c3cf1f91f
[21:09:17] Closed window: 51199243-5d8c-4685-8b58-396c3cf1f91f
[21:09:17] Spawning window: 51199243-5d8c-4685-8b58-396c3cf1f91f
[21:09:17] Closed window: 51199243-5d8c-4685-8b58-396c3cf1f91f
[21:09:17] Closed window: 1e5b7628-ef4f-4fc7-8790-4bfe47161f65
[21:09:17] Closed window: 50e2152c-d37a-487c-b50a-a6262d700e95
[21:09:17] Spawning window: cee6a3d8-9250-4910-b989-bd697e6f17b5
[21:09:17] Closed window: cee6a3d8-9250-4910-b989-bd697e6f17b5
[21:09:17] Spawning window: 83be3eeb-3f54-4a36-9ac3-2f6df496c20b
[21:09:17] Closed window: 83be3eeb-3f54-4a36-9ac3-2f6df496c20b
[21:09:17] Spawning window: 53383987-a3a6-4683-b6b3-6ab3f13e698d
[21:09:17] Spawning window: 382b2377-f71b-455b-9457-ddf6a429c21d
[21:09:17] Spawning window: b45bed38-f0d8-46ee-b594-36c252f0be2f
[21:09:17] Closed window: b45bed38-f0d8-46ee-b594-36c252f0be2f
[21:09:17] Spawning window: b45bed38-f0d8-46ee-b594-36c252f0be2f
[21:09:17] Closed window: b45bed38-f0d8-46ee-b594-36c252f0be2f
[21:09:17] Closed window: 53383987-a3a6-4683-b6b3-6ab3f13e698d
[21:09:17] Closed window: 382b2377-f71b-455b-9457-ddf6a429c21d
[21:09:17] Spawning window: 83be3eeb-3f54-4a36-9ac3-2f6df496c20b
[21:09:17] Closed window: 83be3eeb-3f54-4a36-9ac3-2f6df496c20b
[21:09:17] Spawning window: 3c54e679-eddd-414c-ba29-d7e1e87c865e
[21:09:17] Closed window: 3c54e679-eddd-414c-ba29-d7e1e87c865e
[21:09:17] Spawning window: 75a81746-c9f8-4662-9a4d-f01a7df960c8
[21:09:17] Spawning window: 5a752541-5c5d-4f10-8b50-4e4fa5917d25
[21:09:17] Spawning window: 76e60437-3c62-4fb2-b443-2eb681c566cf
[21:09:17] Closed window: 76e60437-3c62-4fb2-b443-2eb681c566cf
[21:09:17] Spawning window: 75228e1e-470a-4ddb-920d-5a24f7248014
[21:09:17] Closed window: 75228e1e-470a-4ddb-920d-5a24f7248014
[21:09:17] Spawning window: 75228e1e-470a-4ddb-920d-5a24f7248014
[21:09:17] Closed window: 75228e1e-470a-4ddb-920d-5a24f7248014
[21:09:17] Spawning window: 75228e1e-470a-4ddb-920d-5a24f7248014
[21:09:17] Closed window: 75228e1e-470a-4ddb-920d-5a24f7248014
[21:09:17] Closed window: 75a81746-c9f8-4662-9a4d-f01a7df960c8
[21:09:17] Closed window: 5a752541-5c5d-4f10-8b50-4e4fa5917d25
[21:09:17] Spawning window: 3c54e679-eddd-414c-ba29-d7e1e87c865e
[21:09:17] Closed window: 3c54e679-eddd-414c-ba29-d7e1e87c865e
[21:09:17] Spawning window: 145df62a-bd00-4daf-85c1-fcc752a2fc4b
[21:09:17] Spawning window: 1e01bbdf-b461-43af-ab7c-99f9a3749cee
[21:09:18] Spawning window: e47d8a39-39e0-49fb-93be-f3839127db6a
[21:09:18] Closed window: e47d8a39-39e0-49fb-93be-f3839127db6a
[21:09:18] Spawning window: e47d8a39-39e0-49fb-93be-f3839127db6a
[21:09:18] Closed window: e47d8a39-39e0-49fb-93be-f3839127db6a
[21:09:18] Spawning window: e47d8a39-39e0-49fb-93be-f3839127db6a
[21:09:18] Closed window: e47d8a39-39e0-49fb-93be-f3839127db6a
[21:09:18] Closed window: 145df62a-bd00-4daf-85c1-fcc752a2fc4b
[21:09:18] Closed window: 1e01bbdf-b461-43af-ab7c-99f9a3749cee
[21:09:18] Spawning window: 3c54e679-eddd-414c-ba29-d7e1e87c865e
[21:09:18] Closed window: 3c54e679-eddd-414c-ba29-d7e1e87c865e
[21:09:18] Spawning window: 15a6068e-4e2a-49ba-bcb9-15cf77d579b2
[21:09:18] Spawning window: 5c286710-a9bd-4514-a407-56d82141b052
[21:09:18] Spawning window: 6ac6bdcd-abaa-4647-9470-62ccf89a21fb
[21:09:18] Closed window: 6ac6bdcd-abaa-4647-9470-62ccf89a21fb
[21:09:18] Spawning window: 6ac6bdcd-abaa-4647-9470-62ccf89a21fb
[21:09:18] Closed window: 6ac6bdcd-abaa-4647-9470-62ccf89a21fb
[21:09:18] Spawning window: 6ac6bdcd-abaa-4647-9470-62ccf89a21fb
[21:09:18] Closed window: 6ac6bdcd-abaa-4647-9470-62ccf89a21fb
[21:09:18] Closed window: 15a6068e-4e2a-49ba-bcb9-15cf77d579b2
[21:09:18] Closed window: 5c286710-a9bd-4514-a407-56d82141b052
[21:09:18] Spawning window: 3c54e679-eddd-414c-ba29-d7e1e87c865e
[21:09:18] Closed window: 3c54e679-eddd-414c-ba29-d7e1e87c865e
[21:09:18] Spawning window: bd2252f7-2a06-4822-93c6-2dd1f4e279c9
[21:09:18] Spawning window: c33db388-49c7-49f2-ba71-830727cbaffc
[21:09:18] Spawning window: faede89f-6a07-4abc-a9b7-30bdff287080
[21:09:18] Closed window: faede89f-6a07-4abc-a9b7-30bdff287080
[21:09:18] Spawning window: faede89f-6a07-4abc-a9b7-30bdff287080
[21:09:18] Closed window: faede89f-6a07-4abc-a9b7-30bdff287080
[21:09:18] Spawning window: faede89f-6a07-4abc-a9b7-30bdff287080
[21:09:18] Closed window: faede89f-6a07-4abc-a9b7-30bdff287080
[21:09:18] Spawning window: 44380946-5169-46dc-9da8-2cd03e66b748
[21:09:18] Closed window: c33db388-49c7-49f2-ba71-830727cbaffc
[21:09:18] Closed window: 44380946-5169-46dc-9da8-2cd03e66b748
[21:09:18] Spawning window: e37c2189-cd05-4d17-8a82-967f353826dc
[21:09:18] Closed window: bd2252f7-2a06-4822-93c6-2dd1f4e279c9
[21:09:18] Closed window: e37c2189-cd05-4d17-8a82-967f353826dc
[21:09:18] Spawning window: 3c54e679-eddd-414c-ba29-d7e1e87c865e
[21:09:18] Closed window: 3c54e679-eddd-414c-ba29-d7e1e87c865e
[21:09:18] Spawning window: cedc3632-d3db-41d7-8103-84c6685e2159
[21:09:18] Closed window: cedc3632-d3db-41d7-8103-84c6685e2159
[21:09:18] Spawning window: 5ff7efec-47c9-49cb-960b-51a2a2a26019
[21:09:18] Spawning window: 4766e0e7-0eea-4eb7-b80e-820acfdb9344
[21:09:18] Spawning window: f7e3a947-a7aa-4089-8dad-b6cf93af5e6f
[21:09:18] Closed window: f7e3a947-a7aa-4089-8dad-b6cf93af5e6f
[21:09:18] Spawning window: f7e3a947-a7aa-4089-8dad-b6cf93af5e6f
[21:09:18] Closed window: f7e3a947-a7aa-4089-8dad-b6cf93af5e6f
[21:09:18] Spawning window: f7e3a947-a7aa-4089-8dad-b6cf93af5e6f
[21:09:18] Closed window: f7e3a947-a7aa-4089-8dad-b6cf93af5e6f
[21:09:18] Closed window: 5ff7efec-47c9-49cb-960b-51a2a2a26019
[21:09:18] Closed window: 4766e0e7-0eea-4eb7-b80e-820acfdb9344
[21:09:18] Spawning window: cedc3632-d3db-41d7-8103-84c6685e2159
[21:09:18] Closed window: cedc3632-d3db-41d7-8103-84c6685e2159
[21:09:18] Spawning window: 028e4254-782d-4c83-8185-4ec0dddd5bc5
[21:09:18] Spawning window: 09754071-0888-4544-8e8c-1a99595b5408
[21:09:19] Spawning window: 6b8f4a63-932d-4eb1-b8bd-a03068f364c3
[21:09:19] Closed window: 6b8f4a63-932d-4eb1-b8bd-a03068f364c3
[21:09:19] Spawning window: 6b8f4a63-932d-4eb1-b8bd-a03068f364c3
[21:09:19] Closed window: 6b8f4a63-932d-4eb1-b8bd-a03068f364c3
[21:09:19] Spawning window: 6b8f4a63-932d-4eb1-b8bd-a03068f364c3
[21:09:19] Closed window: 6b8f4a63-932d-4eb1-b8bd-a03068f364c3
[21:09:19] Closed window: 028e4254-782d-4c83-8185-4ec0dddd5bc5
[21:09:19] Closed window: 09754071-0888-4544-8e8c-1a99595b5408
[21:09:19] Spawning window: cedc3632-d3db-41d7-8103-84c6685e2159
[21:09:19] Closed window: cedc3632-d3db-41d7-8103-84c6685e2159
[21:09:19] Spawning window: 513fb4d7-e1d7-44e0-a14e-4f753eebbe34
[21:09:19] Spawning window: 5691cb39-b92a-4116-bcb9-2c93b102a0f5
[21:09:19] Spawning window: 755c2993-48b0-473a-a0d0-e0cc9d6ea7ba
[21:09:19] Closed window: 755c2993-48b0-473a-a0d0-e0cc9d6ea7ba
[21:09:19] Spawning window: 755c2993-48b0-473a-a0d0-e0cc9d6ea7ba
[21:09:19] Closed window: 755c2993-48b0-473a-a0d0-e0cc9d6ea7ba
[21:09:19] Spawning window: 755c2993-48b0-473a-a0d0-e0cc9d6ea7ba
[21:09:19] Closed window: 755c2993-48b0-473a-a0d0-e0cc9d6ea7ba
[21:09:19] Closed window: 513fb4d7-e1d7-44e0-a14e-4f753eebbe34
[21:09:19] Closed window: 5691cb39-b92a-4116-bcb9-2c93b102a0f5
[21:09:19] Spawning window: cedc3632-d3db-41d7-8103-84c6685e2159
[21:09:19] Closed window: cedc3632-d3db-41d7-8103-84c6685e2159
[21:09:19] Spawning window: 76e8cada-2361-4446-9586-64cd36fc36a6
[21:09:19] Spawning window: 2529acce-d25c-449e-9d3e-e8ce1920b7d3
[21:09:19] Spawning window: 799a4fa1-1f9c-4834-875d-678748a170bd
[21:09:19] Closed window: 799a4fa1-1f9c-4834-875d-678748a170bd
[21:09:19] Closed window: 76e8cada-2361-4446-9586-64cd36fc36a6
[21:09:19] Closed window: 2529acce-d25c-449e-9d3e-e8ce1920b7d3
[21:09:19] Spawning window: cedc3632-d3db-41d7-8103-84c6685e2159
[21:09:19] Closed window: cedc3632-d3db-41d7-8103-84c6685e2159
[21:09:19] Spawning window: abd8750b-e341-40f7-b24f-387fdee9a2ec
[21:09:19] Closed window: abd8750b-e341-40f7-b24f-387fdee9a2ec
[21:09:19] Spawning window: 3a63d40a-fdb0-4377-afd2-6d358d47e99b
[21:09:19] Spawning window: b3f5f4d4-f1b8-4bde-8178-2314fe0d81d2
[21:09:19] Closed window: 3a63d40a-fdb0-4377-afd2-6d358d47e99b
[21:09:19] Closed window: b3f5f4d4-f1b8-4bde-8178-2314fe0d81d2
[21:09:19] Spawning window: 991e8696-7d49-456d-a281-7119459956b1
[21:09:19] Spawning window: fc59d922-24fe-4f49-b36f-1900188af931
[21:09:19] Closed window: 991e8696-7d49-456d-a281-7119459956b1
[21:09:19] Closed window: fc59d922-24fe-4f49-b36f-1900188af931
[21:09:19] Spawning window: b0df53a7-a03f-4e92-a906-14ec561c51ce
[21:09:19] Closed window: b0df53a7-a03f-4e92-a906-14ec561c51ce
[21:09:20] Spawning window: c09c4f4e-f2f6-4282-98dc-985f07e0b7e6
[21:09:20] Closed window: c09c4f4e-f2f6-4282-98dc-985f07e0b7e6
[21:09:20] Spawning window: 5c2444c3-e4c2-423b-b080-4581e147be0c
[21:09:20] Spawning window: 1819cf03-2a52-499e-bef0-d9a1bbfed296
[21:09:20] Spawning window: f3a4b25f-e87d-413f-9312-4342983b7dd2
[21:09:20] Closed window: f3a4b25f-e87d-413f-9312-4342983b7dd2
[21:09:20] Closed window: 5c2444c3-e4c2-423b-b080-4581e147be0c
[21:09:20] Closed window: 1819cf03-2a52-499e-bef0-d9a1bbfed296
[21:09:20] Spawning window: c09c4f4e-f2f6-4282-98dc-985f07e0b7e6
[21:09:20] Closed window: c09c4f4e-f2f6-4282-98dc-985f07e0b7e6
[21:09:20] Spawning window: ef6074a8-27db-4ff2-b96c-01576a7f237c
[21:09:20] Closed window: ef6074a8-27db-4ff2-b96c-01576a7f237c
[21:09:20] Spawning window: 21502605-9a78-4bba-9acc-96231e09988d
[21:09:20] Spawning window: 2de90106-06ad-41eb-9a38-85343bc84a83
[21:09:20] Spawning window: 93a5fdbd-2ef0-4581-b57e-f5abe5143119
[21:09:20] Closed window: 93a5fdbd-2ef0-4581-b57e-f5abe5143119
[21:09:20] Spawning window: 93a5fdbd-2ef0-4581-b57e-f5abe5143119
[21:09:20] Closed window: 93a5fdbd-2ef0-4581-b57e-f5abe5143119
[21:09:20] Closed window: 21502605-9a78-4bba-9acc-96231e09988d
[21:09:20] Closed window: 2de90106-06ad-41eb-9a38-85343bc84a83
[21:09:20] Spawning window: ef6074a8-27db-4ff2-b96c-01576a7f237c
[21:09:20] Closed window: ef6074a8-27db-4ff2-b96c-01576a7f237c
[21:09:20] Spawning window: 9213e0ee-d612-46f7-b501-dbff0dd5e09b
[21:09:20] Closed window: 9213e0ee-d612-46f7-b501-dbff0dd5e09b
[21:09:20] Spawning window: e3e97d5d-5df4-4d10-a754-5a33f47d993f
[21:09:20] Spawning window: e484a0f5-66df-482d-8f2d-6f618d02ff45
[21:09:20] Spawning window: d2134cb4-d719-45f2-89f4-c19d34d2d1ac
[21:09:20] Closed window: d2134cb4-d719-45f2-89f4-c19d34d2d1ac
[21:09:20] Spawning window: d2134cb4-d719-45f2-89f4-c19d34d2d1ac
[21:09:20] Closed window: d2134cb4-d719-45f2-89f4-c19d34d2d1ac
[21:09:20] Closed window: e3e97d5d-5df4-4d10-a754-5a33f47d993f
[21:09:20] Closed window: e484a0f5-66df-482d-8f2d-6f618d02ff45
[21:09:20] Spawning window: 9213e0ee-d612-46f7-b501-dbff0dd5e09b
[21:09:20] Closed window: 9213e0ee-d612-46f7-b501-dbff0dd5e09b
[21:09:20] Spawning window: b3b30f2a-ae81-4722-a526-dc1355b63a8b
[21:09:20] Closed window: b3b30f2a-ae81-4722-a526-dc1355b63a8b
[21:09:20] Spawning window: 01aa1ca2-8ac6-4627-b2e0-306a589c94fc
[21:09:20] Spawning window: 576f4cb3-e57c-4fa7-8a73-113e526ee275
[21:09:20] Spawning window: fd75278c-4854-40c2-9a2b-2b50349d45fd
[21:09:20] Closed window: fd75278c-4854-40c2-9a2b-2b50349d45fd
[21:09:20] Spawning window: fd75278c-4854-40c2-9a2b-2b50349d45fd
[21:09:20] Closed window: fd75278c-4854-40c2-9a2b-2b50349d45fd
[21:09:20] Closed window: 01aa1ca2-8ac6-4627-b2e0-306a589c94fc
[21:09:20] Closed window: 576f4cb3-e57c-4fa7-8a73-113e526ee275
[21:09:20] Spawning window: b3b30f2a-ae81-4722-a526-dc1355b63a8b
[21:09:21] Closed window: b3b30f2a-ae81-4722-a526-dc1355b63a8b
[21:09:21] Spawning window: 15bc0198-1426-4bf3-ba89-a1ba0d1aa4dd
[21:09:21] Closed window: 15bc0198-1426-4bf3-ba89-a1ba0d1aa4dd
[21:09:21] Spawning window: e5182f32-2d4a-4f37-a11c-035c507e2756
[21:09:21] Spawning window: 85617b92-db23-4b39-9bf5-86c73d33576e
[21:09:21] Spawning window: 2674578d-31fe-4e3d-b99e-7e1156d67df5
[21:09:21] Closed window: 2674578d-31fe-4e3d-b99e-7e1156d67df5
[21:09:21] Spawning window: 2674578d-31fe-4e3d-b99e-7e1156d67df5
[21:09:21] Closed window: 2674578d-31fe-4e3d-b99e-7e1156d67df5
[21:09:21] Closed window: e5182f32-2d4a-4f37-a11c-035c507e2756
[21:09:21] Closed window: 85617b92-db23-4b39-9bf5-86c73d33576e
[21:09:21] Spawning window: 15bc0198-1426-4bf3-ba89-a1ba0d1aa4dd
[21:09:21] Closed window: 15bc0198-1426-4bf3-ba89-a1ba0d1aa4dd
[21:09:21] Spawning window: d87235e8-6980-4f96-b3d8-7b914bd90316
[21:09:21] Closed window: d87235e8-6980-4f96-b3d8-7b914bd90316
[21:09:21] Spawning window: 734703a1-483a-4528-91aa-34d0d883f082
[21:09:21] Spawning window: b930c5c2-3d83-4d4d-a3f0-ac41c4d13bdc
[21:09:21] Spawning window: 19dffd06-3475-4c00-a074-3e474dd511ad
[21:09:21] Closed window: 19dffd06-3475-4c00-a074-3e474dd511ad
[21:09:21] Spawning window: 19dffd06-3475-4c00-a074-3e474dd511ad
[21:09:21] Closed window: 734703a1-483a-4528-91aa-34d0d883f082
[21:09:21] Closed window: b930c5c2-3d83-4d4d-a3f0-ac41c4d13bdc
[21:09:21] Closed window: 19dffd06-3475-4c00-a074-3e474dd511ad
[21:09:21] Spawning window: d87235e8-6980-4f96-b3d8-7b914bd90316
[21:09:21] Closed window: d87235e8-6980-4f96-b3d8-7b914bd90316
[21:09:21] Spawning window: 2dbd01b2-411e-4c06-a427-2aaff0955bd5
[21:09:21] Closed window: 2dbd01b2-411e-4c06-a427-2aaff0955bd5
[21:09:21] Spawning window: d97035a9-0775-4a36-926e-1cb74269cab6
[21:09:21] Spawning window: 9581cdd0-1cea-4781-b191-935e90c9d411
[21:09:22] Spawning window: f7b7612c-3365-4d4a-a253-9cd14268b98b
[21:09:22] Closed window: d97035a9-0775-4a36-926e-1cb74269cab6
[21:09:22] Closed window: 9581cdd0-1cea-4781-b191-935e90c9d411
[21:09:22] Closed window: f7b7612c-3365-4d4a-a253-9cd14268b98b
[21:09:22] Spawning window: 2dbd01b2-411e-4c06-a427-2aaff0955bd5
[21:09:22] Closed window: 2dbd01b2-411e-4c06-a427-2aaff0955bd5
[21:09:22] Spawning window: e6d95bc0-519c-468d-a293-9b589f202aa5
[21:09:22] Closed window: e6d95bc0-519c-468d-a293-9b589f202aa5
[21:09:22] Spawning window: e6146ff2-3b6a-4d34-abde-4861ed017046
[21:09:22] Spawning window: 9a21b5bc-ad5f-4b17-930b-87111f297372
[21:09:22] Spawning window: 731e5f64-0dfb-4333-a3e9-a0b9b9bd71c5
[21:09:22] Closed window: 731e5f64-0dfb-4333-a3e9-a0b9b9bd71c5
[21:09:22] Spawning window: 731e5f64-0dfb-4333-a3e9-a0b9b9bd71c5
[21:09:22] Closed window: 731e5f64-0dfb-4333-a3e9-a0b9b9bd71c5
[21:09:22] Closed window: e6146ff2-3b6a-4d34-abde-4861ed017046
[21:09:22] Closed window: 9a21b5bc-ad5f-4b17-930b-87111f297372
[21:09:22] Spawning window: e6d95bc0-519c-468d-a293-9b589f202aa5
[21:09:22] Closed window: e6d95bc0-519c-468d-a293-9b589f202aa5
[21:09:22] Spawning window: 553d3575-e6b3-4ac4-b4cd-a121d87a131c
[21:09:22] Closed window: 553d3575-e6b3-4ac4-b4cd-a121d87a131c
[21:09:22] Spawning window: 6e68d1f7-81ef-4ed5-a067-06b0c95220ac
[21:09:22] Spawning window: e0e43cf6-0206-49dc-a530-dc14be13781b
[21:09:22] Spawning window: 1d1640dd-124a-4909-b1f5-1da71b2eb4a2
[21:09:22] Closed window: 1d1640dd-124a-4909-b1f5-1da71b2eb4a2
[21:09:22] Spawning window: 1d1640dd-124a-4909-b1f5-1da71b2eb4a2
[21:09:22] Closed window: 1d1640dd-124a-4909-b1f5-1da71b2eb4a2
[21:09:22] Closed window: 6e68d1f7-81ef-4ed5-a067-06b0c95220ac
[21:09:22] Closed window: e0e43cf6-0206-49dc-a530-dc14be13781b
[21:09:22] Spawning window: 553d3575-e6b3-4ac4-b4cd-a121d87a131c
[21:09:22] Closed window: 553d3575-e6b3-4ac4-b4cd-a121d87a131c
[21:09:22] Spawning window: 98957ea5-459e-47ca-b9c1-40c5c47d96d5
[21:09:22] Closed window: 98957ea5-459e-47ca-b9c1-40c5c47d96d5
[21:09:22] Spawning window: 67e1c33a-fb37-4b27-824b-532f0de9a6f6
[21:09:22] Spawning window: 64318953-28f3-4c7a-b74d-330f18eea41d
[21:09:22] Spawning window: 65564a7b-0c7c-4e15-99c2-f6d4f59632e6
[21:09:22] Closed window: 65564a7b-0c7c-4e15-99c2-f6d4f59632e6
[21:09:22] Spawning window: 65564a7b-0c7c-4e15-99c2-f6d4f59632e6
[21:09:22] Closed window: 65564a7b-0c7c-4e15-99c2-f6d4f59632e6
[21:09:22] Spawning window: 65564a7b-0c7c-4e15-99c2-f6d4f59632e6
[21:09:22] Closed window: 65564a7b-0c7c-4e15-99c2-f6d4f59632e6
[21:09:22] Closed window: 67e1c33a-fb37-4b27-824b-532f0de9a6f6
[21:09:22] Closed window: 64318953-28f3-4c7a-b74d-330f18eea41d
[21:09:22] Spawning window: 98957ea5-459e-47ca-b9c1-40c5c47d96d5
[21:09:22] Closed window: 98957ea5-459e-47ca-b9c1-40c5c47d96d5
[21:09:22] Spawning window: 07495bd2-024a-456d-bc68-33894a43535e
[21:09:22] Spawning window: c92eea40-0d03-48e3-968a-83116e7337c5
[21:09:22] Spawning window: d54da42a-a905-4dcf-9d57-4e32e977b423
[21:09:22] Closed window: d54da42a-a905-4dcf-9d57-4e32e977b423
[21:09:22] Spawning window: d54da42a-a905-4dcf-9d57-4e32e977b423
[21:09:22] Closed window: d54da42a-a905-4dcf-9d57-4e32e977b423
[21:09:22] Closed window: 07495bd2-024a-456d-bc68-33894a43535e
[21:09:22] Closed window: c92eea40-0d03-48e3-968a-83116e7337c5
[21:09:22] Spawning window: 98957ea5-459e-47ca-b9c1-40c5c47d96d5
[21:09:22] Closed window: 98957ea5-459e-47ca-b9c1-40c5c47d96d5
[21:09:23] Spawning window: 76fe0800-9c4a-4fd4-9142-66e2dfa95024
[21:09:23] Closed window: 76fe0800-9c4a-4fd4-9142-66e2dfa95024
[21:09:23] Spawning window: cb9673aa-c698-4c1b-ba92-2a4b80c2856d
[21:09:23] Spawning window: 3f438d41-e198-46b4-8a41-8efe4d80400a
[21:09:23] Spawning window: f4a5efa2-c592-4706-b9dc-a910437d4be2
[21:09:23] Closed window: f4a5efa2-c592-4706-b9dc-a910437d4be2
[21:09:23] Spawning window: f4a5efa2-c592-4706-b9dc-a910437d4be2
[21:09:23] Closed window: f4a5efa2-c592-4706-b9dc-a910437d4be2
[21:09:23] Closed window: cb9673aa-c698-4c1b-ba92-2a4b80c2856d
[21:09:23] Closed window: 3f438d41-e198-46b4-8a41-8efe4d80400a
[21:09:23] Spawning window: 76fe0800-9c4a-4fd4-9142-66e2dfa95024
[21:09:23] Closed window: 76fe0800-9c4a-4fd4-9142-66e2dfa95024
[21:09:23] Spawning window: a8965a0a-53af-471c-b882-47c7a90c30d3
[21:09:23] Closed window: a8965a0a-53af-471c-b882-47c7a90c30d3
[21:09:23] Spawning window: 8f261a8c-7be6-4e37-a7e8-d33c537edd23
[21:09:23] Spawning window: 3a956184-b7c8-468f-9298-2b1e3872509d
[21:09:23] Spawning window: 505455c1-b208-4470-8072-359d2718c36d
[21:09:23] Closed window: 505455c1-b208-4470-8072-359d2718c36d
[21:09:23] Spawning window: 505455c1-b208-4470-8072-359d2718c36d
[21:09:23] Closed window: 505455c1-b208-4470-8072-359d2718c36d
[21:09:23] Closed window: 8f261a8c-7be6-4e37-a7e8-d33c537edd23
[21:09:23] Closed window: 3a956184-b7c8-468f-9298-2b1e3872509d
[21:09:23] Spawning window: a8965a0a-53af-471c-b882-47c7a90c30d3
[21:09:23] Closed window: a8965a0a-53af-471c-b882-47c7a90c30d3
[21:09:24] Spawning window: 8e5fc7d2-ecf2-4239-b87c-4e4e4347d378
[21:09:24] Closed window: 8e5fc7d2-ecf2-4239-b87c-4e4e4347d378
[21:09:24] Spawning window: 9ea955a1-cbd5-497c-babf-1102c90174a2
[21:09:24] Closed window: 9ea955a1-cbd5-497c-babf-1102c90174a2
[21:09:24] Spawning window: a95b374e-0393-4029-8d8b-711879bbbb5f
[21:09:24] Spawning window: cefc80fb-95eb-45a2-94d7-dd7eb41edfab
[21:09:24] Spawning window: 91358b41-4597-4b22-95d3-412baabbf043
[21:09:24] Closed window: 91358b41-4597-4b22-95d3-412baabbf043
[21:09:24] Closed window: a95b374e-0393-4029-8d8b-711879bbbb5f
[21:09:24] Closed window: cefc80fb-95eb-45a2-94d7-dd7eb41edfab
[21:09:24] Spawning window: 9ea955a1-cbd5-497c-babf-1102c90174a2
[21:09:24] Closed window: 9ea955a1-cbd5-497c-babf-1102c90174a2
[21:09:24] Spawning window: 0925936e-2c4f-4fa7-8d1a-497a292273d8
[21:09:24] Closed window: 0925936e-2c4f-4fa7-8d1a-497a292273d8
[21:09:24] Spawning window: 8c744903-6658-4379-b1e3-b5f1f60bbbcf
[21:09:24] Closed window: 8c744903-6658-4379-b1e3-b5f1f60bbbcf
[21:09:24] Spawning window: d2e65096-1946-4e82-98d4-d736c3faccf2
[21:09:24] Spawning window: 17d959d8-d314-409d-8fe5-dde57613f405
[21:09:25] Spawning window: 443fbc29-ba8d-4bae-8f47-72612bda0774
[21:09:25] Closed window: 443fbc29-ba8d-4bae-8f47-72612bda0774
[21:09:25] Spawning window: 443fbc29-ba8d-4bae-8f47-72612bda0774
[21:09:25] Closed window: 443fbc29-ba8d-4bae-8f47-72612bda0774
[21:09:25] Closed window: d2e65096-1946-4e82-98d4-d736c3faccf2
[21:09:25] Closed window: 17d959d8-d314-409d-8fe5-dde57613f405
[21:09:25] Spawning window: 8c744903-6658-4379-b1e3-b5f1f60bbbcf
[21:09:25] Closed window: 8c744903-6658-4379-b1e3-b5f1f60bbbcf
[21:09:25] Spawning window: 18aa8c93-28fe-4025-9c3f-d19fe371fab8
[21:09:25] Closed window: 18aa8c93-28fe-4025-9c3f-d19fe371fab8
[21:09:25] Spawning window: 4ac1857c-2fb9-455d-b8b8-4bd0a382a1b5
[21:09:25] Spawning window: 9417b5a9-bf79-4ee5-ab0b-9fc190dafb2a
[21:09:25] Spawning window: b27e9503-45b0-4abf-bbcf-1f7ac2a13e4d
[21:09:25] Closed window: b27e9503-45b0-4abf-bbcf-1f7ac2a13e4d
[21:09:25] Spawning window: b27e9503-45b0-4abf-bbcf-1f7ac2a13e4d
[21:09:25] Closed window: b27e9503-45b0-4abf-bbcf-1f7ac2a13e4d
[21:09:25] Spawning window: b27e9503-45b0-4abf-bbcf-1f7ac2a13e4d
[21:09:25] Closed window: b27e9503-45b0-4abf-bbcf-1f7ac2a13e4d
[21:09:25] Closed window: 4ac1857c-2fb9-455d-b8b8-4bd0a382a1b5
[21:09:25] Closed window: 9417b5a9-bf79-4ee5-ab0b-9fc190dafb2a
[21:09:25] Spawning window: 18aa8c93-28fe-4025-9c3f-d19fe371fab8
[21:09:25] Closed window: 18aa8c93-28fe-4025-9c3f-d19fe371fab8
[21:09:25] Spawning window: dfbb3caa-ed0d-4e2c-b62b-90e50827b7d4
[21:09:25] Closed window: dfbb3caa-ed0d-4e2c-b62b-90e50827b7d4
[21:09:25] Spawning window: fd755014-229d-49a7-8ab7-75ac353dabc2
[21:09:25] Spawning window: 20ac34b4-38d9-4b79-81ce-3a77c7887aa0
[21:09:25] Spawning window: 40300f43-20df-49e7-a6d7-3cd980aa1695
[21:09:25] Closed window: 40300f43-20df-49e7-a6d7-3cd980aa1695
[21:09:25] Spawning window: 40300f43-20df-49e7-a6d7-3cd980aa1695
[21:09:25] Closed window: 40300f43-20df-49e7-a6d7-3cd980aa1695
[21:09:25] Spawning window: 40300f43-20df-49e7-a6d7-3cd980aa1695
[21:09:25] Closed window: 40300f43-20df-49e7-a6d7-3cd980aa1695
[21:09:25] Closed window: fd755014-229d-49a7-8ab7-75ac353dabc2
[21:09:25] Closed window: 20ac34b4-38d9-4b79-81ce-3a77c7887aa0
[21:09:25] Spawning window: dfbb3caa-ed0d-4e2c-b62b-90e50827b7d4
[21:09:26] Closed window: dfbb3caa-ed0d-4e2c-b62b-90e50827b7d4
[21:09:26] Spawning window: 432109f4-6e9d-4dcd-b307-fb84f00499a5
[21:09:26] Closed window: 432109f4-6e9d-4dcd-b307-fb84f00499a5
[21:09:26] Spawning window: f2158b0e-12aa-48de-a8fe-7cff23fa86d0
[21:09:26] Spawning window: 15d5ab89-aacd-47b5-baaf-f66ab0527320
[21:09:26] Spawning window: 1b98a978-8767-4824-8375-d354ea32cc2f
[21:09:26] Closed window: 1b98a978-8767-4824-8375-d354ea32cc2f
[21:09:26] Closed window: f2158b0e-12aa-48de-a8fe-7cff23fa86d0
[21:09:26] Closed window: 15d5ab89-aacd-47b5-baaf-f66ab0527320
[21:09:26] Spawning window: 432109f4-6e9d-4dcd-b307-fb84f00499a5
[21:09:26] Closed window: 432109f4-6e9d-4dcd-b307-fb84f00499a5
[21:09:26] Spawning window: df2748f1-44f3-4a40-b61b-c39da134c0f8
[21:09:26] Closed window: df2748f1-44f3-4a40-b61b-c39da134c0f8
[21:09:26] Spawning window: 2b6087bc-83fb-4366-a96f-1eecb25879e3
[21:09:26] Spawning window: 3bc5ad39-f6fa-4859-a80f-9b9c3213b73a
[21:09:27] Spawning window: 1a70aac9-586e-4234-a96a-722548ff5443
[21:09:27] Closed window: 1a70aac9-586e-4234-a96a-722548ff5443
[21:09:27] Closed window: 2b6087bc-83fb-4366-a96f-1eecb25879e3
[21:09:27] Closed window: 3bc5ad39-f6fa-4859-a80f-9b9c3213b73a
[21:09:27] Spawning window: df2748f1-44f3-4a40-b61b-c39da134c0f8
[21:09:27] Closed window: df2748f1-44f3-4a40-b61b-c39da134c0f8
[21:09:27] Spawning window: fa9180ca-c873-4293-9284-9875ebcf19b0
[21:09:27] Closed window: fa9180ca-c873-4293-9284-9875ebcf19b0
[21:09:27] Spawning window: 0aea5879-6aa4-4d49-aa95-b5cbb7b5bca8
[21:09:27] Spawning window: 6c1efaf3-d7bb-49f2-b5f9-9ec3504df0db
[21:09:28] Spawning window: 3a8a66f0-6a30-4179-8bc8-0970bc9b1c76
[21:09:28] Closed window: 3a8a66f0-6a30-4179-8bc8-0970bc9b1c76
[21:09:28] Closed window: 0aea5879-6aa4-4d49-aa95-b5cbb7b5bca8
[21:09:28] Closed window: 6c1efaf3-d7bb-49f2-b5f9-9ec3504df0db
[21:09:28] Spawning window: fa9180ca-c873-4293-9284-9875ebcf19b0
[21:09:28] Closed window: fa9180ca-c873-4293-9284-9875ebcf19b0
[21:09:28] Spawning window: 6ba6f67b-56e2-4062-9658-2359befa3ffd
[21:09:28] Closed window: 6ba6f67b-56e2-4062-9658-2359befa3ffd
[21:09:28] Spawning window: 37aa1026-1599-40be-94f6-bd50c6975b0e
[21:09:28] Spawning window: bbc9b058-aee9-4a86-a1ef-793f618fd2c1
[21:09:28] Spawning window: c19d318d-d953-4145-92e6-5c8d6257d05e
[21:09:28] Closed window: c19d318d-d953-4145-92e6-5c8d6257d05e
[21:09:29] Spawning window: c19d318d-d953-4145-92e6-5c8d6257d05e
[21:09:29] Closed window: c19d318d-d953-4145-92e6-5c8d6257d05e
[21:09:29] Closed window: 37aa1026-1599-40be-94f6-bd50c6975b0e
[21:09:29] Closed window: bbc9b058-aee9-4a86-a1ef-793f618fd2c1
[21:09:29] Spawning window: 6ba6f67b-56e2-4062-9658-2359befa3ffd
[21:09:29] Closed window: 6ba6f67b-56e2-4062-9658-2359befa3ffd
[21:09:29] Spawning window: c8ed9779-c38e-4372-b4fb-f63bdb4354c0
[21:09:29] Closed window: c8ed9779-c38e-4372-b4fb-f63bdb4354c0
[21:09:29] Spawning window: 10cce8ac-50fb-4e59-a17e-45738e1339b2
[21:09:29] Spawning window: 6c5ea29f-27ea-4e7a-9b1e-4bfa2b1cd011
[21:09:29] Spawning window: 44e6bd1b-88b9-4afe-ba53-ea24524a05a0
[21:09:29] Closed window: 44e6bd1b-88b9-4afe-ba53-ea24524a05a0
[21:09:29] Spawning window: 44e6bd1b-88b9-4afe-ba53-ea24524a05a0
[21:09:29] Closed window: 44e6bd1b-88b9-4afe-ba53-ea24524a05a0
[21:09:29] Spawning window: 44e6bd1b-88b9-4afe-ba53-ea24524a05a0
[21:09:29] Closed window: 44e6bd1b-88b9-4afe-ba53-ea24524a05a0
[21:09:29] Closed window: 10cce8ac-50fb-4e59-a17e-45738e1339b2
[21:09:29] Closed window: 6c5ea29f-27ea-4e7a-9b1e-4bfa2b1cd011
[21:09:29] Spawning window: c8ed9779-c38e-4372-b4fb-f63bdb4354c0
[21:09:29] Closed window: c8ed9779-c38e-4372-b4fb-f63bdb4354c0
[21:09:29] Spawning window: 3cd56f1e-cec3-472d-a4d1-7404392bdde7
[21:09:29] Spawning window: 12766912-44e8-4742-afe3-c27ce33c8d61
[21:09:29] Spawning window: 310d1713-e4f6-477f-becd-3b69f929e2eb
[21:09:29] Closed window: 310d1713-e4f6-477f-becd-3b69f929e2eb
[21:09:30] Closed window: 3cd56f1e-cec3-472d-a4d1-7404392bdde7
[21:09:30] Closed window: 12766912-44e8-4742-afe3-c27ce33c8d61
[21:09:30] Spawning window: 6a8d5870-52dc-42b2-81ae-80351204930a
[21:09:30] Closed window: 6a8d5870-52dc-42b2-81ae-80351204930a
[21:09:30] Spawning window: 52ab0198-50eb-45b3-b0a4-f16a2b5c8303
[21:09:30] Closed window: 52ab0198-50eb-45b3-b0a4-f16a2b5c8303
[21:09:30] Spawning window: 9e7c6704-89d7-40b2-9075-227b2cf9551c
[21:09:30] Spawning window: 02c42074-48e4-4a70-b7ae-245cef2c96f0
[21:09:30] Spawning window: aeacdfef-4244-4cc2-af83-f5d45a8c24b5
[21:09:30] Closed window: aeacdfef-4244-4cc2-af83-f5d45a8c24b5
[21:12:43] Unexpected error: wrapped C/C++ object of type MessageWindow has been deleted
[21:12:43] Closed window: 02c42074-48e4-4a70-b7ae-245cef2c96f0
